genome1_contig1	1	2197	GTTGTGTTGAGAGTGGTGTGAGTGGAACTATCATTCC	41.510	100.000	0.000	0	0	+
genome1_contig4	1	6876	AGCTCTTACAGATTTAAAGCCTTCAGGACGACGGGT	43.330	100.000	0.000	0	0	+
genome1_contig2	13	1788	GTGGTTCGTCCGAGTCATCGGCGTGGGTACGAAAAG	46.910	99.030	0.000	0	0	+
genome1_contig4	37	6915	TAATGTTGGACGTGATTCTTCAGATCGAGGAGTAACTCC	41.540	99.219	0.000	0	0	+
genome1_contig3	38	5598	AAACATTTCTTTGGATTAGCAGTGATAGCTGCTATGACAGC	41.600	100.000	0.000	0	0	+
genome1_contig2	49	1829	AGTTTCTTGAATCAATCTGCCACCTTATATTATACGGGTGC	41.110	100.000	0.000	0	0	+
genome1_contig1	61	2261	TGAAAGTGGTAAAGCCTATTGCTGACAGATATGATATCCGC	42.030	100.000	0.000	0	0	+
genome1_contig4	76	6954	TCGCGAAACACCTATTCTGGAAGATGATGTATAGGATGG	41.710	99.979	0.000	0	0	+
genome1_contig2	90	1865	CAAGTTCCCGTCAACTATAGCATTGCAGGATCTTCA	41.400	100.000	0.000	0	0	+
genome1_contig1	102	2299	GTCATCATGATGATTACTCCAGAGACAAGTGAGGAGCG	42.100	99.017	0.000	0	0	+
genome1_contig4	115	6990	TTTTGGATCAGCAATGAACTGCGAAGCTACTGGCTT	43.380	100.000	0.000	0	0	+
genome1_contig3	116	5671	GGGGTAATGGTTCAGGTGAGAATGAATCAGGTGTAA	41.010	99.649	0.000	0	0	+
genome1_contig2	127	1907	TATTTTGTGCCGTATATCAAGGGTAAGGGTATTCGTGATGT	41.610	96.462	0.000	0	0	+
genome1_contig1	148	2348	TCATCGACGAACATACTGATGGCTTTATCTATATGGTCAGC	41.570	100.000	0.000	0	0	+
genome1_contig4	151	7026	AGCGTTCTGATAATCACGACCATAGCCTGATCGGTC	43.480	100.000	0.000	0	2	+
genome1_contig3	152	5710	GCTATGCTTCTTTCTCTATCAACTTGCCAACAACAAACG	41.280	99.084	0.000	0	0	+
genome1_contig2	177	1957	TGTAAGAATGAGAACCATAACGAGTAAAGAGGCTAAGCAGG	41.620	100.000	0.000	0	0	+
genome1_contig3	191	5746	GTACACGTGCTACTGACCCTTCATTTGATAAGGGTG	41.470	195.722	0.000	0	0	+
genome1_contig4	197	7072	GGCATCCTTCCGCCATAGCCACCACCGAATGAAGAT	46.940	98.038	0.000	0	0	+
genome1_contig1	205	2402	GTGCCCAGAGTAGCTTCGGCGATGCAAAGTTGGCTTAT	46.890	100.000	0.000	0	0	+
genome1_contig2	218	1993	ATGAAGGGGCTGATGCAACAGATGATTTGCGTTTAG	42.410	99.405	0.000	0	0	+
genome1_contig3	227	5786	ATGCCAATGAGTATGATGTTAATGATGTTACCTTGCTGGT	41.200	95.802	0.000	0	0	+
genome1_contig4	233	7108	TCAGGAGCCTCGTCACCACCCTCTATCAAACTGGCA	46.950	100.000	0.000	0	0	+
genome1_contig1	256	2456	ATGGTATGAATCTTCGTAATCCTCGTATGATTGGTTTCGGA	41.440	100.000	0.000	0	0	+
genome1_contig3	267	5822	TTTCAAGAAGGGTACTGATGCAACATCAGAGGGAGC	42.650	98.786	0.000	0	0	+
genome1_contig4	269	7147	TCAATCTCATCGATGAATCGGCTCGGATTATCAAATTCC	41.190	95.661	0.000	0	0	+
genome1_contig2	291	2071	ATATTGTATGATTGATGTCTTGCAAATGACAGACCTCACGT	41.020	94.766	0.000	0	0	+
genome1_contig1	297	2492	ATCAGCAACAAGCAGACTCTTACGAGTGCGCAGGAT	45.240	100.000	0.000	0	0	+
genome1_contig3	303	5861	ATATACCTTCGTAGAGTATGTTGATCTGGGCTCAATGGC	41.630	100.000	0.000	0	0	+
genome1_contig4	308	7183	ATCTTGCCATATCGGAAACGGTTCTTGGCATTGGTC	43.470	100.000	0.000	0	0	+
genome1_contig1	333	2528	AACGCAGCAGGTGCCATCATTGGTAGTAAGTTTGTG	43.630	99.797	0.000	0	0	+
genome1_contig4	344	7221	AGGATGCAATGCTTCTCGGCACGGGTAATCGCAACATA	46.510	100.000	0.000	0	0	+
genome1_contig3	354	5914	TCCAAATGAAACAGGTGTAACTACCCATTCCAAGATTACAG	41.020	88.482	0.000	0	0	+
genome1_contig1	369	2564	ACATTGCTCAATGAGGTAGGCAATCCAGACCAGGCT	45.130	99.445	0.000	0	0	+
genome1_contig4	382	7257	AAGCAGACGACGCTCCTCTTCCAGTTCCCTGACAGA	46.900	100.000	0.000	0	0	+
genome1_contig3	395	5950	CAAAGCTTGAAAAGGTCGACAAGAATGGCGATTTCT	41.320	98.395	0.000	0	0	+
genome1_contig2	396	2171	TTTTCTAATTTAATGCCACATCTGCCACGCTGTGTG	41.390	100.000	0.000	0	0	+
genome1_contig1	405	2601	CTCGACCTGCTTTTCGAAGCACTCAAACATTAACATT	41.060	100.000	0.000	0	0	+
genome1_contig4	418	7293	GATTGCAGCAAGCGGACTCGGGAAGATATTCTCCTC	44.140	100.000	0.000	0	0	+
genome1_contig3	431	5990	TCGCATTGGTACTTTTGAACAATGGTAAAGATGCAAATGC	41.620	98.357	0.000	0	0	+
genome1_contig2	434	2214	AGTGGTTGATACAGATAGAATAATGGGTGGCAATAAGGTGC	42.110	100.000	0.000	0	0	+
genome1_contig4	454	7330	CAAACCTACTACGAAAACAGTAGCAAACTCCAGACCC	41.480	100.000	0.000	0	0	+
genome1_contig2	477	2252	TTTTATAGCCACCTATTGCCACACCGATACGTTCTT	41.100	100.000	0.000	0	0	+
genome1_contig3	478	6038	ACTTTGCCACATGATGGTGATAAATTTTCAACTTGGAATGC	41.520	98.675	0.000	0	0	+
genome1_contig4	491	7366	TTTGCCGCATGAATCGTCATGAGCGAAACTCTCGGT	45.770	100.000	0.000	0	0	+
genome1_contig2	513	2290	TATACTATGCCCAAGGCTAAAGGAAAGTCAACCGAAAC	41.160	100.000	0.000	0	0	+
genome1_contig3	519	6074	AGCAACTAATGCGACAGCCAAATTTGCTTCTACCGA	43.320	100.000	0.000	0	0	+
genome1_contig4	527	7402	TCATCCTTCTCTCCCTCACTATCCGCATCCGTCAGC	45.540	100.000	0.000	0	0	+
genome1_contig3	557	6117	AGGGATTCTATATGGCAAATGCACCTCTATTCGATAACACT	41.440	100.000	0.000	0	0	+
genome1_contig4	563	7438	AGCGCCACATCCTGCAGATAATCGGTAAGATAGGCT	44.600	97.348	0.000	0	0	+
genome1_contig2	576	2351	GGGTGCTTTTGACCGGATGTTTCGGGCACTTGTCTT	46.370	100.000	0.000	0	0	+
genome1_contig2	612	2387	CGTTGTAAGGGGCACGTATCCTCGTTGTATGGAGGA	44.670	100.000	0.000	0	0	+
genome1_contig3	619	6179	GTTGCTATCGACAAAGATAAGATTTACCCAACAGAATCCCA	41.030	98.752	0.000	0	0	+
genome1_contig4	622	7497	GCGTCCTGCCACGAAGGTCTGCATACCACTCAGAAA	46.720	100.000	0.000	0	0	+
genome1_contig1	645	2844	AAGTGTGTAACTGAACTCCAGAAGGCTTATAAGCCTATCA	41.300	100.000	0.000	0	0	+
genome1_contig2	648	2423	CATGTCCTCGATGTATCGGGCAAGCACTTACGATAT	42.320	100.000	0.000	0	0	+
genome1_contig3	660	6216	GGCATCTGCAGGTGCAGCTGCTGCCGATATCTATGTT	46.940	100.000	0.000	0	0	+
genome1_contig4	662	7537	TCCAGGTTTTCCTGGCGAGCCAGATCATCGGCATTC	46.970	100.000	0.000	0	0	+
genome1_contig2	684	2460	ATGACGCAAGTACTTACGATATATGACGCAAGCACTT	41.090	122.429	0.000	0	0	+
genome1_contig1	685	2881	TAGAGAGCGAGGAGTTCAAGAAAGAGTATTATGCGCT	41.390	100.000	0.000	0	0	+
genome1_contig3	697	6252	GAGCGTGGTCTTGCTAAGGTTACCTTAGGTACAGGT	43.150	100.000	0.000	0	0	+
genome1_contig4	698	7573	TTGCCCGACATGATATCCTCGCTGATTCTACTCTCC	43.120	100.000	0.000	0	0	+
genome1_contig1	722	2917	CCTGAAGGATTATGTTGGCCGCCCTTCACCTCTTTA	43.980	99.687	0.000	0	0	+
genome1_contig2	726	2506	ATATGACGTAAGCACTTACGATATTTAGAAGACGCAAGGCA	41.730	100.000	0.000	0	0	+
genome1_contig3	733	6290	ACTGGTACCGAAAAGACTGTAGCTGATGGTACATATGC	41.980	100.000	0.000	0	0	+
genome1_contig4	734	7609	CTGATGATGGCATCACCCAGTTCATAGACATCCAGG	42.630	99.183	0.000	0	0	+
genome1_contig1	758	2956	CTATGCGAAGAGAATGAGTGAAAAGTATGGATGCCAACT	41.250	98.606	0.000	0	0	+
genome1_contig2	767	2542	ATGCAGAGAGCTGCTGCATGATGGTCTTTGCCATAC	44.720	100.000	0.000	0	0	+
genome1_contig4	770	7645	GTATGCGAACGGTCGATGAAGGAAGAGATGAGCAGG	44.000	100.000	0.000	0	0	+
genome1_contig3	771	6329	AAACGATAAGGTTACAATCAAGAACTGGGCTTTGGATGT	41.400	100.000	0.000	0	0	+
genome1_contig1	797	2992	CTATCTGAAGCGTGAGGATCTGAATCATACCGGTGC	42.450	100.000	0.000	0	0	+
genome1_contig2	805	2580	GAATGGCCGGCATCGTTTGGATGAAGACGGTCGGTA	46.930	100.000	0.000	0	0	+
genome1_contig4	806	7681	CGGAAATTCTCGAGTTTGGTCTGCGCACCCTTGTTG	45.270	100.000	0.000	0	0	+
genome1_contig3	810	6367	TACCAACAAGAAGACATTCCCTATTCACAACGTTGAGG	41.200	93.492	0.000	0	0	+
genome1_contig1	833	3031	GCACAAAATTAACAATACCATCGGTCAGATTCTGATGGC	41.160	100.000	0.000	0	0	+
genome1_contig2	841	2616	TCCGGCTTGTTGAACATCTGGGCACCTGCATCATAA	45.630	100.000	0.000	0	0	+
genome1_contig4	847	7727	CAGTCCGTAATGTTCTATATTACCTATCACCTCCCAGAAGC	41.320	100.000	0.000	0	0	+
genome1_contig1	872	3067	AAAGAAGATGGGTAAAACACGTATCATCGCCGAGAC	41.450	100.000	0.000	0	0	+
genome1_contig3	876	6436	TATTTGGAAGAATACTACAACTGCTAGTCCTACCAATGGCG	41.680	100.000	0.000	0	0	+
genome1_contig2	877	2652	ATAGGGAAGAGACCTGAAAGGGAGTTGAGGTCGATG	42.810	99.850	99.850	0	2	+
genome1_contig4	888	7763	TCACCTGGTTCTGATGGGCACAATCGGCAATCTTCG	45.820	100.000	0.000	0	0	+
genome1_contig2	913	2688	ACCGGAACCGCCCAGACATTGCCTACTTCCTTAATC	45.290	99.039	0.000	0	0	+
genome1_contig1	913	3108	CCGGACAGCATGGTGTAGCAACAGCTACCGTCTGTG	46.950	100.000	0.000	0	0	+
genome1_contig3	917	6472	CAACCAATCAGCGTTTCGTTGACAATAAGCCAGAAA	41.430	100.000	0.000	0	0	+
genome1_contig4	928	7803	GGTGGTAGCACCGATGCCACGAGCCGGATAATTGAT	46.790	99.419	0.000	0	0	+
genome1_contig2	949	2724	GCCTTTACGTATTCATCGAAGAAGATGCCACGGGCA	44.390	99.693	0.000	0	0	+
genome1_contig4	964	7839	GATACGTTTGAAAGCCTCCTCATCGTCCGGGTTGGC	45.870	100.000	0.000	0	0	+
genome1_contig1	983	3178	GGCTACCGATGTGGAACGCCAGCATACCAATGTGGA	46.920	100.000	0.000	0	0	+
genome1_contig2	985	2760	TTCTCGTACATCTCATCAGGCTGGATGTTCTTGTCG	42.190	100.000	0.000	0	0	+
genome1_contig3	988	6548	AACTATAAAGATGCAAAATTAAACGCTGAGACAGAGCAGGG	41.540	100.000	0.000	0	0	+
genome1_contig4	1000	7876	AACGAGACGGAAATAGGCGATGATATCCTTGATTTCC	41.100	100.000	0.000	0	0	+
genome1_contig1	1019	3214	GCGTATGAAGATGCTGGGTGCCAAGGTGAATCCTGT	45.760	100.000	0.000	0	0	+
genome1_contig2	1030	2805	AAAAGCGCACGGTGCACAGGAGTCATCACCACAATC	46.410	100.000	0.000	0	0	+
genome1_contig3	1033	6590	ACTGATAGAAAAGCGGAGTTCAACTATGTCGCAAAAGA	41.150	100.000	0.000	0	0	+
genome1_contig4	1038	7918	TACGCTGATAGAAACTCAATCCACCGTAAATACGATATGGG	41.540	96.484	0.000	0	0	+
genome1_contig1	1055	3250	CCGTACGGGCAATATGACTTTAAGTGATGCATGCTC	42.170	100.000	0.000	0	0	+
genome1_contig2	1066	2843	TGCTTGGTAGGATACATCTGCTTCAGTTTCGACATAGC	42.260	100.000	0.000	0	0	+
genome1_contig3	1071	6627	TAAATTGACTGCAGAACTTGGTACTCCACTGTACTGC	41.210	96.042	0.000	0	0	+
genome1_contig4	1079	7954	ATGCCCTGCTTTCTGAATTCCTCCTCGAAGCTTCGG	45.570	100.000	0.000	0	0	+
genome1_contig1	1092	3288	GAGGCTATCCGCGACTGGTGCTGTCATCCACAGGATA	46.980	100.000	0.000	0	0	+
genome1_contig2	1104	2879	GATGTTGATGCGGCCTTTCAAAGTGTTCTTATCCAT	41.010	100.000	0.000	0	0	+
genome1_contig3	1108	6665	CTCGAGAATACATTCAACCTCGACAATATGATGCAGGG	41.300	98.707	0.000	0	0	+
genome1_contig4	1115	7990	CTCTGGGCATTGGTACGATAGAGAATGGCAAATTGA	41.490	100.000	0.000	0	0	+
genome1_contig1	1129	3325	CCTTCTATATCGTTGGTTCTACGATGGGACCTCATCC	41.680	100.000	0.000	0	0	+
genome1_contig2	1140	2915	GGCAAAATGACGATGGCGACGCTGAACCATTTCGCT	46.830	97.517	0.000	0	0	+
genome1_contig3	1146	6701	ACAGACCACTCGCGTCATCTTCAAGGCTAAATATAC	41.020	99.385	0.000	0	0	+
genome1_contig4	1153	8029	GTATCCGCAATCATCCCGCTGCTTGATGCGCTGGATA	46.880	100.000	0.000	0	0	+
genome1_contig1	1166	3361	TTACCCAGATATCGTGGCAAAGATGCAGAGTGTGAT	42.210	99.472	0.000	0	0	+
genome1_contig2	1189	2964	GCTACCCTCACGCTGTCGAAAGTCTCCGTGTACCAT	46.050	100.000	0.000	0	0	+
genome1_contig4	1190	8065	TTCTTCGCCACTATCAGAGCCTCCTCCTTGTCGCTG	46.030	99.764	0.000	0	0	+
genome1_contig1	1202	3397	CAGTGAGGAGCTGAAATGGCAGTTGGAAGAGAAGAT	42.640	100.000	0.000	0	0	+
genome1_contig3	1216	6776	AAAATCGGAAAGAATGTACAGCTTTGGAAACAGGATGATCT	41.310	100.000	0.000	0	0	+
genome1_contig2	1225	3000	TCGCCGATAGGTACACCATTGTTGTAATCGTTGGTG	42.800	100.000	0.000	0	0	+
genome1_contig1	1241	3436	CCGCGATTATCCTGATTACCTCATCGCCTGCGTGGG	46.850	98.867	0.000	0	0	+
genome1_contig3	1257	6812	TGAGAAGCATATCAAGGCCGCTGTTACCAATGTTGT	42.960	100.000	0.000	0	0	+
genome1_contig2	1261	3036	CCCATGAAGATGAGGATGGCATCGAAATCATCGCCA	44.330	99.328	0.000	0	0	+
genome1_contig4	1263	8138	TTTTGCTGAACACCTCTTTCTGAATCTGATTGCGGT	41.950	95.218	0.000	0	0	+
genome1_contig1	1277	3472	TGGTGGAAGCAATGCCGCGGGTACCATCTATCATTA	45.070	99.008	0.000	0	0	+
genome1_contig3	1293	6848	TGCCTCTGCAACTGATGCAAATACAACCATCACATT	42.240	100.000	0.000	0	0	+
genome1_contig4	1299	8174	TATGATGAATCAGACTGTTAGCAGCCTCCACGATCG	42.120	99.203	0.000	0	0	+
genome1_contig2	1299	3074	CTCCTTCTGGAGCTGATCTGCCTGACGGGGAATGTC	46.330	100.000	0.000	0	0	+
genome1_contig1	1313	3508	TATTGATGATGAGCGGGTTCAGATCTATCTGGCTGA	41.500	100.000	0.000	0	0	+
genome1_contig3	1329	6884	GGCAGGTTCAGACAATGATTTGACAAAGGCTGGAAA	42.500	100.000	0.000	0	0	+
genome1_contig2	1335	3110	GTTCCACTGTCTGCCGCTCACACCATAAACGTATGG	44.600	100.000	0.000	0	0	+
genome1_contig4	1335	8214	TTTGAGTTGACCGGTAGTTCTGTTCCAGTTTAAAGAGTTG	41.250	97.505	0.000	0	0	+
genome1_contig1	1349	3544	GGCTGCCGGTCATGGTATTGATACCAATTACACGGC	44.830	99.962	0.000	0	0	+
genome1_contig2	1372	3147	GTGATGCCGAGCCAATCCTGCAGGAATCCCCAGTAT	46.700	97.690	0.000	0	0	+
genome1_contig1	1385	3580	TGCAACCATGCATTGCGGTACTGAGGGAATCATTCA	44.560	99.648	0.000	0	0	+
genome1_contig4	1402	8282	CAATATATTGTCGATATTGGCACCACGGAAGCTATAGATGC	41.280	100.000	0.000	0	0	+
genome1_contig3	1404	6964	TACTCTTCAACCTGCTGATGTAAAGGCTATTAACGTCAAGT	41.580	98.238	0.000	0	0	+
genome1_contig2	1408	3183	TTCACTTTTGAAGCCTTGATGTTCGGATCGGTGATG	42.090	100.000	0.000	0	0	+
genome1_contig1	1427	3622	CCGCACGCTTGTGATGCAGACTGAGGATGGACAGAT	46.790	98.724	0.000	0	0	+
genome1_contig4	1443	8318	TCTGCGAATCATCACCTACGGCACAGACACGCAGTT	46.500	98.905	0.000	0	0	+
genome1_contig2	1444	3219	GAGTCGCCGAAGTAAGCCACCTTCTTGCCTTTCCAA	45.710	99.519	0.000	0	0	+
genome1_contig3	1445	7005	TAGGTCTTTCTGAAGGTAATGGTATCAGCACTTACGAAAGT	41.190	97.963	0.000	0	0	+
genome1_contig1	1463	3658	TGAGGAAGCCTTCACCATCAGTGCCGGTTTGGATTA	45.160	100.000	0.000	0	0	+
genome1_contig4	1479	8354	TTTCCTTACAGAGCTGCATCACGATAGACATCTGCA	42.110	100.000	0.000	0	0	+
genome1_contig2	1480	3256	GGATGATGAAGGTTCTTGAAAGCCTTTTCCTTTTCGG	41.220	100.000	0.000	0	0	+
genome1_contig3	1486	7041	GGAGAATCTTACTACATTGCCCGCATCAAGCACTTC	42.020	100.000	0.000	0	0	+
genome1_contig1	1499	3694	TCCGGGTATTGGACCTATGCATGCAGACTTGGCTAC	45.040	99.799	0.000	0	0	+
genome1_contig2	1517	3292	CGATTTCTTTCTTGCTCATCGCCTTTTGGGCGAATG	43.170	100.000	0.000	0	0	+
genome1_contig3	1522	7077	GGCGATGTCTTGACTCCTTGGAAGGCTGGTAATAGC	44.170	100.000	0.000	0	0	+
genome1_contig4	1522	8402	TGTATCCTGATACTCATCCACCAGGATATAATCGAACCTGC	42.220	100.000	0.000	0	0	+
genome1_contig1	1535	3730	AAGGGGTAGAAGTCATGTACTTGCCATCAAGGATGA	41.800	100.000	0.000	0	0	+
genome1_contig3	1558	7115	TACGGTACAGATAATCTTGCATACTTGGGGCGTTATGG	42.070	100.000	0.000	0	0	+
genome1_contig2	1560	3336	GGTTGGCATCGCCAAACTGAGGGCAAGTACCAGAGTA	46.550	100.000	0.000	0	0	+
genome1_contig4	1563	8438	CGGCATACTTCTGTCTGATTTCCTCGTGATCTCTGA	41.900	100.000	0.000	0	0	+
genome1_contig1	1571	3766	TGAGGCTATTTATGCCGGTTACGAACTGACTCGTAT	41.780	100.000	0.000	0	0	+
genome1_contig3	1596	7155	TGTACTCCGTAACAACTGGTATGAATTGGATGTACAAAGC	41.110	99.853	0.000	0	0	+
genome1_contig4	1599	8476	AAAGCTGGAAAGTAAGCATCAGGAGATCATCAAAGTCC	41.340	100.000	0.000	0	0	+
genome1_contig1	1607	3802	GGAAGGTATCATACCGGTCGGCGAGATCCATCATCT	44.250	100.000	0.000	0	2	+
genome1_contig3	1636	7191	GTTAGCGGTCCTGGTTATCCTGATGTTCCAGATGTT	42.360	99.972	0.000	0	0	+
genome1_contig4	1646	8521	GCCTGACGGCAACGCTGCACGTATGCCACATAAATC	46.820	100.000	0.000	0	0	+
genome1_contig1	1664	3864	AAAATGAAGTTCAAGAAATGTCGTTGTCTTGACCGTTTCAG	41.080	93.053	0.000	0	0	+
genome1_contig3	1672	7227	AAGCCTAACACTCAAGACGATGAGAACGACATGTAC	41.040	95.926	0.000	0	0	+
genome1_contig1	1705	3900	GCCGTGGTGACAAGGATGTAGAAACCTATTTGAGCC	43.220	100.000	0.000	0	0	+
genome1_contig4	1708	8583	CTTGTTCTGCTCCAGGATGGCAGGGTCGCTATCGTA	46.110	99.469	0.000	0	0	+
genome1_contig3	1708	7263	ATCAACGTCAGCGTGAAGATCCTCAGCTGGGCTAAG	45.130	100.000	0.000	0	0	+
genome1_contig4	1744	8619	GGCTTCAGCAGTTACCAGGTTGTTCTTCGCCATCGA	45.690	100.000	0.000	0	0	+
genome1_contig3	1751	7311	AGAAGGTAGATTTGTAATAGCGTAATAACAACGAAAGGCGG	41.080	100.000	0.000	0	0	+
genome1_contig4	1786	8661	GGCATGAACGGCAGCAGGCTTATAGGCCTTGTCATC	46.220	99.077	0.000	0	0	+
genome1_contig3	1792	7347	AGCTTAGGCTCCCGCCTTCGTTCAACCATACGAGTT	46.230	100.000	0.000	0	0	+
genome1_contig4	1822	8697	CAGTCCCATCTCCTTGATGATCGCCTTCAGCAGTGA	44.940	100.000	0.000	0	0	+
genome1_contig1	1825	4025	GGCTAAGTTTAATTATACGACAGTAACTCGCACGATTCTCG	41.090	98.110	0.000	0	0	+
genome1_contig3	1828	7383	GTGTTTTCTGCTTCACCATAGCGGAAAGCCAGAAAC	42.830	100.000	0.000	0	0	+
genome1_contig1	1866	4061	CCGACCTCTATACGCCTGTGGGAGTTTATATGCGAT	43.120	100.000	0.000	0	0	+
genome1_contig4	1880	8760	ATGGTAAAGTTATTATTGAAACCGATATGCTCAGCTTCGGC	41.490	100.000	0.000	0	0	+
genome1_contig3	1899	7459	AACCAAACAGCATCATGGCAAACAATAAGTTACATAGTTGG	41.060	100.000	0.000	0	0	+
genome1_contig1	1916	4111	CCCCAGTCGGCTCTGATGGAGAGTAGCGACTATCAT	45.260	98.483	0.000	0	0	+
genome1_contig4	1921	8796	ACGGAGAATACGGGAGAAGATGCTATGGAAGGTACC	42.830	100.000	0.000	0	0	+
genome1_contig3	1940	7495	ATCAAGAAGATACGCATGGAATGGGGATTCGACAGC	42.880	98.599	0.000	0	0	+
genome1_contig1	1952	4147	GGTTCTGAGAATTCCCGTTCCTTCATCGGTGTACAT	42.440	100.000	0.000	0	0	+
genome1_contig4	1957	8832	CATATAGAGATGCTGGGCGAGGTCATCACCCACCAG	44.900	97.290	0.000	0	0	+
genome1_contig3	1976	7531	TTGACATCAATCAGCCGCACGACAGCATTCAGCAGC	46.550	100.000	0.000	0	0	+
genome1_contig1	1988	4183	CCATTGGCTAGCATTGCCGTGAGTCATGGAGAGGTT	45.620	100.000	0.000	0	0	+
genome1_contig4	1993	8868	TTTTCCGATACGTTCCTTCATCTCCCTTGCCGCCTT	45.240	100.000	0.000	0	0	+
genome1_contig3	2012	7567	ATCGTCGCTCTAGGCAGTATGCTCAGCAGCTGCAAC	46.730	99.561	0.000	0	0	+
genome1_contig1	2024	4224	ATCAAGACTTATCCTGATGGTAGTGTAGAGAAACAGCAACT	41.100	100.000	0.000	0	0	+
genome1_contig4	2029	8904	ATTGGTAAAGGTAAGTGCCATGATGCTCCAAGGCTT	42.970	100.000	0.000	0	0	+
genome1_contig3	2048	7603	GACTTGATGCACGACGACCTCCCTCCTTGCGATATG	45.370	100.000	0.000	0	0	+
genome1_contig4	2065	8940	CATGCCCAGGCTCAGGAGATAAGCAATCTTATAGGT	42.080	200.000	0.000	0	2	+
genome1_contig1	2065	4260	TCCAGCCTTCGGCGAAGGAAAGGGAGAAGATTGCAA	46.650	100.000	0.000	0	0	+
genome1_contig3	2084	7639	GGAGTTGACTTGCAGTTCAAGTACGACTACAACGTC	41.660	99.302	0.000	0	0	+
genome1_contig1	2114	4314	AAAGCTTTCAATGAATTCATCCAAAGTTTCCATGTTGAGGG	41.240	98.346	0.000	0	0	+
genome1_contig3	2120	7675	CAGCGCGCTGATATGTTCAATGATCATGTAGGCGGA	44.420	100.000	0.000	0	0	+
genome1_contig4	2124	9000	CAGCACCGGCAATCACCAGCGAAGGTCCGTCAATATA	46.620	100.000	0.000	0	0	+
genome1_contig3	2156	7711	GTCTGCGTGTTCATCTTCGATGAGCAGGGCAACCTA	45.380	100.000	0.000	0	0	+
genome1_contig4	2163	9041	CTACCGCAGCACGCTGCGCATCATTCAAGTCGTTCAATA	46.850	100.000	0.000	0	0	+
genome1_contig3	2231	7786	CCCCTCAAAGACCCTAACTATGCCATGCGCATAGAC	44.120	100.000	0.000	0	0	+
genome1_contig4	2274	9149	CCCCTATATCCTCCTACAGCCGTGCTTGGGTCGTAG	45.610	100.000	0.000	0	0	+
genome1_contig3	2277	7835	GCAAATACCGCTTCGCCACCTTCGCCTTCCAGAAGAAAT	46.960	100.000	0.000	0	0	+
genome1_contig4	2310	9185	TCTTCACCCTCACGAGGGAAGTAAGGGATGAATTTC	42.030	100.000	0.000	0	0	+
genome1_contig3	2341	7896	GAGGAGGACGAGCGCCGACCAGAAGATCTCGTAGAG	46.730	200.000	0.000	0	2	+
genome1_contig4	2346	9221	ATCTGATGTTCAATCTGTCGCTGGCGCTTCTTCATA	42.600	100.000	0.000	0	0	+
genome1_contig3	2377	7932	AGAAAGCATCGAAGCCCTCCGTGCACTCGACAGAAA	46.550	99.557	0.000	0	0	+
genome1_contig4	2382	9257	TAAGCACTCGGATACAGGGAACTGAACTTTCTAGGA	41.160	100.000	0.000	0	0	+
genome1_contig3	2413	7968	TGCCGGAAAGGTAGAAAACCAGGCACTTCCGCTTGA	46.860	98.549	0.000	0	0	+
genome1_contig4	2443	9318	CACACTCGCCACGGAAGAGATCCTGCGCTTTCTTGT	46.940	100.000	0.000	0	0	+
genome1_contig3	2449	8004	TACCCTCTGGCAGGGATTGAGCAACGAAACGGTAGA	45.820	98.822	0.000	0	0	+
genome1_contig4	2479	9354	TGAAATGATACTCAGCCACGGCATCGACACCATAGA	43.370	99.341	0.000	0	0	+
genome1_contig3	2485	8040	GGTGAAAGACCTTCAGGTTACCCACCATACCATCAG	42.530	97.684	0.000	0	0	+
genome1_contig4	2515	9390	TACCCGGTCCCATCTCGATACTGTTGAGATAGACTT	41.990	100.000	0.000	0	0	+
genome1_contig3	2521	8076	TCTCATCAGAGACACCAAGCAGCTCACCATCAGTCT	44.260	100.000	0.000	0	0	+
genome1_contig4	2551	9426	CCATGATACGCTGCTTGCTCCACATCATTTCAATGA	42.240	100.000	0.000	0	0	+
genome1_contig3	2567	8122	GACGATCCAGCCAACATCCAAGCCGACGACTTCAGT	46.700	100.000	0.000	0	0	+
genome1_contig4	2587	9462	GAAAGGTGAAATACACCTCAAATCCCTTGCGGGTCC	43.440	100.000	0.000	0	0	+
genome1_contig3	2603	8161	TATCAGATAACCGATGCCAATGGCTACATCAATTACGAC	41.030	100.000	0.000	0	0	+
genome1_contig4	2634	9509	GGCCAGAGGAATACGTTCTTGGCGGTCTGCTGACTG	46.900	100.000	0.000	0	0	+
genome1_contig3	2642	8197	AATTCTCTCCTCCCAGACGAGGAGTTGACATACACC	42.900	94.988	0.000	0	0	+
genome1_contig3	2678	8233	CCTTACAAGACCTGGAACACCGAGTTCACCACTCCG	45.160	91.116	0.000	0	0	+
genome1_contig4	2679	9554	GCACCATGCACCTTACCGCCACGGGCATTATTCTTG	46.750	99.860	0.000	0	0	+
genome1_contig4	2715	9590	GCAGCACTCTCGATGGCATTGAAGTCGAAACCATGA	44.640	98.936	0.000	0	0	+
genome1_contig3	2763	8318	GCCTCGTGTTGCATCCCGTAACCGAGAACGACAAGA	46.710	100.000	0.000	0	0	+
genome1_contig4	2778	9654	GCCATCACCGCCACAGGCATGTGAGGGGAAATCTTAT	46.920	97.944	0.000	0	0	+
genome1_contig3	2799	8354	ATGCGATACTGAGCATCTGGAACAAGAAGACGGGCG	45.410	100.000	0.000	0	0	+
genome1_contig4	2815	9694	CCATCGAAACCCAATGATGATGCAAGGTAATACTTTCACC	41.980	100.000	0.000	0	0	+
genome1_contig3	2835	8390	AAGAGGTGGTCCGCATCAATCTTGCCGATTGTCTCG	45.580	100.000	0.000	0	0	+
genome1_contig4	2855	9730	ATCAGCCACTTGCTGAAAACAGCGGATAATCATCAA	41.920	100.000	0.000	0	0	+
genome1_contig3	2871	8426	CCCAAGGCAGAGGAGCCTTCGAGAACATAAACTATT	42.380	100.000	0.000	0	0	+
genome1_contig4	2891	9770	CGGAGTAACATATACCGGAATAAAACGGTAGGCTACTACA	41.130	100.000	0.000	0	0	+
genome1_contig3	2907	8462	CTGCCCAGGAATTCCTGGATAGAGAATACGACTACA	41.440	98.356	0.000	0	0	+
genome1_contig3	2943	8500	AGCTCGACTTCTTCCTCAAAGGCGACCAGTGGCAGTAT	46.880	99.832	0.000	0	0	+
genome1_contig4	2950	9825	AAAACAGCACCACCACCCATCTTACGATATTTCTGA	41.260	100.000	0.000	0	0	+
genome1_contig3	2981	8536	ATGCAACTCGGCATCTCCATCCTCGACTGGAGCAAG	46.580	100.000	0.000	0	0	+
genome1_contig3	3017	8577	CGCATACAGCGTGCCGACTTATAATCATAAATCATTCATCG	41.810	100.000	0.000	0	0	+
genome1_contig4	3028	9908	TCTGATTCGTTATTTACTTCAATGTACCATTGTTGGCAGCA	41.390	100.000	0.000	0	0	+
genome1_contig4	3069	9944	TTCACCATTGCCTGGCTAGCATACATGTAAACCTCT	42.440	100.000	0.000	0	0	+
genome1_contig4	3111	9986	CGGTTCTGAGCGCAGGCTGCAGTAGTATTCACCACA	46.690	100.000	0.000	0	0	+
genome1_contig3	3137	8697	TGGTTGTTGACTAGTTTATTTGCAGTTAGTTGTAACGACGA	41.020	97.555	0.000	0	0	+
genome1_contig4	3147	10022	GGATTAGCTGAACCCAAGCCCTCTACACTCTTGATC	42.370	99.335	0.000	0	0	+
genome1_contig3	3178	8733	GTTGGAGGGTGAAGGATACTCCTTCAACTCGTCTAG	41.760	96.653	0.000	0	0	+
genome1_contig4	3183	10058	TGGCTGCTGGTAACACCGCATGACTTCAAGTAGGTA	44.850	100.000	0.000	0	0	+
genome1_contig4	3219	10094	GAAACGGCATTGGCACGATTCTGGCTCAAAGGCAGG	46.970	100.000	0.000	0	0	+
genome1_contig3	3255	8810	GCAAGGCATTCAGCGGCAGTTCCTCTGAGGTTCCTA	46.760	100.000	0.000	0	0	+
genome1_contig4	3255	10130	TTGATGCCATCATTACCTGTAGCATCGGTATAACCC	41.090	100.000	0.000	0	0	+
genome1_contig3	3291	8847	CCTATAATGCCACGGTAGATGAATGCCAGATCAATGA	41.070	100.000	0.000	0	0	+
genome1_contig4	3291	10166	TGGATAGCTACCTCGCAGTCGGCATTGTTCTTCAAA	43.780	100.000	0.000	0	0	+
genome1_contig4	3327	10202	ACCTGGGCAAACTGAGCCAAGTCGTTCTTAGCGCTT	46.950	100.000	0.000	0	0	+
genome1_contig3	3328	8883	TCTTCGCCTCTACGCCTTTCCTGTAGATGGTAACGG	44.480	100.000	0.000	0	0	+
genome1_contig4	3363	10238	GCATTGAGCGCATATTTGTTGGTCTGGAAGAGGATA	41.780	100.000	0.000	0	0	+
genome1_contig3	3364	8919	TAAGCTCGTAGCAGAGAATCTTCCTGCGCCTTTGGC	45.430	98.645	0.000	0	0	+
genome1_contig4	3399	10274	CCAGAATCGAAGGTTACCTTAACAGCTGTCAAACCA	41.460	100.000	0.000	0	0	+
genome1_contig3	3400	8955	AAGCATGATGCTGGAAGAAAACGTTGCCAATTATCA	41.160	99.643	0.000	0	0	+
genome1_contig4	3435	10310	TTGGCATCTGTAACGGTAGAAACCTGCGCATTCTTC	43.290	100.000	0.000	0	0	+
genome1_contig3	3436	8991	GCTCACCATCGAGCCAGGCAAATACCATGTCTATGT	44.090	100.000	0.000	0	0	+
genome1_contig4	3471	10346	ACAGCCTCTGCCTCAGCCTTTACCTTATCCATGTGC	45.360	100.000	0.000	0	0	+
genome1_contig3	3483	9043	TGAGTGATGTCTTGAAAGACAAGGATATCACTACAGAAGGT	41.060	100.000	0.000	0	0	+
genome1_contig4	3507	10382	TTTCCAATCAAGTTACCCGCTGTACCACCAACAGCA	44.260	100.000	0.000	0	0	+
genome1_contig3	3532	9087	AAAACTGGTACTAGGATATGCTTCCAACCTGACCCC	42.130	99.365	0.000	0	0	+
genome1_contig4	3544	10419	CACCGATGGCAGCACCTACTACTGCACCTGTACCAC	46.610	100.000	0.000	0	0	+
genome1_contig3	3568	9126	AGGTTTACCTGTCTCCACCAATATCCCAATGATATACGA	41.070	100.000	0.000	0	0	+
genome1_contig4	3580	10455	GATGGCTGTTATTGAGCAAACCACCAACCAAAGCAC	43.240	98.520	0.000	0	0	+
genome1_contig3	3607	9162	GCCAAAGGATATCAGTGGCAATGCACTCGTAACAGA	43.080	100.000	0.000	0	0	+
genome1_contig4	3629	10505	AGCACCTGCACCAGCAGCAGTACCAGTCTTCTGACTA	46.930	100.000	0.000	0	0	+
genome1_contig3	3643	9203	AATCAAGGCAACAGATAAATCAGCAACTGTTATCGCAAATC	41.050	100.000	0.000	0	0	+
genome1_contig4	3666	10541	GTTCCACAACTTCCCAAAACGAGCAGCATTGAGAGC	44.160	98.481	0.000	0	0	+
genome1_contig3	3685	9245	GAAGTTCACTTGCGTCAAGGTAAAGTTGAATCTCATTTTCG	41.090	100.000	0.000	0	0	+
genome1_contig3	3726	9281	ATCCAGCTGTAGCAACTGTATTTAGCGGCAAAAGTT	41.860	100.000	0.000	0	0	+
genome1_contig3	3762	9321	TTTTGATTAAGAACATTCTTGCGCAGCAGTTAACTCCAAG	41.110	100.000	0.000	0	0	+
genome1_contig3	3802	9357	CACATCTCTATGCTGGGATGGATATTTCAGCCAGTC	41.260	99.419	0.000	0	0	+
genome1_contig4	3817	10696	AATTTTGCATGCAAATTTAAGGGTATTTGTCCAAATGGCG	41.090	98.837	0.000	0	0	+
genome1_contig3	3838	9395	TCAGGTTTCTGATGACTATGCAAAAGGTTTTGAGAGCA	41.390	100.000	0.000	0	0	+
genome1_contig4	3857	10732	AAAGGAAATCGCCTATTTCGGGGCGGAAATTCCCTA	44.040	99.436	0.000	0	0	+
genome1_contig3	3876	9435	AGGAATATGATGTAAACTCTACCAGTAACAGCAATGGCCT	41.580	100.000	0.000	0	0	+
genome1_contig4	3893	10768	TTGGGCGTGTTTTCACGCTCAAGATATGTCGTGTTT	43.490	99.843	0.000	0	0	+
genome1_contig3	3916	9471	TTACTATCAGGGAGATGATGCGTGGACACGAAATGA	41.820	100.000	0.000	0	0	+
genome1_contig3	3952	9509	TGCCAACGCAAATATAAACGACCAAGATGTAATCACCC	42.030	100.000	0.000	0	0	+
genome1_contig4	3978	10858	AATATGGCTAAAGAACTTAAGAATTTAACCAAGCGCGCTGA	41.550	100.000	0.000	0	0	+
genome1_contig3	3994	9549	AAAAGGAGCTTCAGGCTCTGTCAATCCTACAAATGC	41.900	100.000	0.000	0	0	+
genome1_contig4	4019	10899	CAACTACAGTCAGTGGTACAATGATTTGGTAGTAAAGGCTG	41.190	100.000	0.000	0	0	+
genome1_contig3	4045	9601	TTTTCAGGGCACATACTATTTGCCGGAGAGATACATC	41.120	100.000	0.000	0	0	+
genome1_contig4	4060	10935	ACCTCGCAGAGTTGTCACCAGTTCGTGGTTGTATGA	44.840	100.000	0.000	0	0	+
genome1_contig3	4082	9637	GCCAATGCTTCCCAGCAGTCACGACTGGCTATTGAA	45.970	98.530	0.000	0	0	+
genome1_contig4	4096	10973	TTATCAAACCATACGGCTACGCTATCTGGGAAAAGATG	41.040	100.000	0.000	0	0	+
genome1_contig4	4134	11009	CAGCAGCAGCTCGACAAGATGTTTAAGCAGACAGGT	44.450	100.000	0.000	0	0	+
genome1_contig3	4156	9716	TCCATTAGGTCACAAGCAGAATGAAAGTTCTACTACAGAGC	41.740	99.129	0.000	0	0	+
genome1_contig4	4170	11045	GTACAGAACGCATACTTCCCTCTCCTCATCCCGAAG	43.310	100.000	0.000	0	0	+
genome1_contig3	4197	9752	TTCCAACCTTTCCTCGTGGCACCTACTACGAGATTA	42.840	100.000	0.000	0	0	+
genome1_contig4	4208	11083	CTTCTTCTCTCGTGAGGCTGAGCACGTGGCAGGTTT	46.660	100.000	0.000	0	0	+
genome1_contig3	4233	9788	TCGGCAAGATCAAGAGTCTGGGAAACGCAACCCTCG	46.720	100.000	0.000	0	0	+
genome1_contig4	4244	11119	CGCCAAGGAGTGTGCTGTGGTTACTCACTATCGTCT	44.860	100.000	0.000	0	0	+
genome1_contig3	4269	9824	ACTGTAATGTGAGCGTAAAGGACTGGACTCCTGTAA	41.560	100.000	0.000	0	0	+
genome1_contig4	4280	11155	TCGTTCTACAGAGGATGGCACAGAGGTTGAGGTGGA	45.330	100.000	0.000	0	0	+
genome1_contig3	4305	9861	AGATAGATGCCGACTTCAACCATACTACATTGTGGGT	41.690	100.000	0.000	0	0	+
genome1_contig4	4316	11191	TCCTAATGCCAAGCTCGATGAGGAGCTGATCATCCG	44.830	99.508	0.000	0	0	+
genome1_contig3	4342	9897	AAGCAAGACGGAGGCTAATGTGACCTCTACGACAAA	43.400	99.677	0.000	0	0	+
genome1_contig4	4352	11232	CCCTACTTCAGAGACCATCATCTGGAACACATATAAGAACT	41.040	93.622	0.000	0	0	+
genome1_contig4	4393	11268	GGATCCATTCATGGCGTGATCTCCCTATCCTCTGCA	44.680	100.000	0.000	0	0	+
genome1_contig4	4429	11304	ACCAGTGGTGTAACGTGATGCGTTGGGAGATGCGTA	46.410	100.000	0.000	0	0	+
genome1_contig3	4433	9992	AAAATAGACTCAAAAGACATCATCAAAGGCATCAAACGCG	41.140	95.101	0.000	0	0	+
genome1_contig4	4465	11340	CCCGTCCATTCCTCCGTACTTCTGAGTTCCTCTGGC	46.080	100.000	0.000	0	0	+
genome1_contig3	4473	10029	GTAAAGACGCTAACGGCAATGATAGCATCGAGTTTCG	42.050	100.000	0.000	0	0	+
genome1_contig4	4506	11381	GGGCATACCGCTCATGCTACCAAGGAAGAGGCTGAG	46.670	99.215	0.000	0	0	+
genome1_contig3	4514	10074	AATCCAGATATCCCTATTCGTGATTATGCAAAAGATCAGCG	41.020	98.151	0.000	0	0	+
genome1_contig4	4542	11417	GCAAAGGCTCAGGAGATGCTGAAGGTTTATGCTGAG	43.420	100.000	0.000	0	0	+
genome1_contig3	4555	10110	AAAAGGCACTGCTAAGTTTTGGCTCAAGGCAAATAA	41.290	100.000	0.000	0	0	+
genome1_contig4	4578	11454	TTCGCTGAGAAGTATATGGGTGTACCTGTATTGCAGG	41.950	100.000	0.000	0	0	+
genome1_contig4	4618	11496	TGAAGAGTGAGACTGAGCGTTTCGCCGGTGCCTTGAATA	46.940	98.093	0.000	0	0	+
genome1_contig4	4657	11532	CTTATACCATCGAGGCGATGATGCAGGATGGCAAGG	44.280	100.000	0.000	0	0	+
genome1_contig3	4693	10253	AAGAACCATAAAATGGGATACTAACCTTGGTGGTATTGTGC	41.270	95.599	0.000	0	0	+
genome1_contig4	4693	11568	CTCTCCAGAGCGGTACTTCTCACTTCCTGGGTCAGA	45.120	100.000	0.000	0	0	+
genome1_contig4	4729	11604	ACTTCGCCAAGAGCTTCGACGTTACCTATCTGAACA	43.310	99.180	0.000	0	0	+
genome1_contig3	4760	10320	AGCTCTATCATCAAAATGAGCGTAAATTCATCGGATGATGC	41.510	100.000	0.000	0	0	+
genome1_contig4	4765	11640	AGGAGAACAAGCCTGAGTATGTATGGGCTACTTCTT	41.450	100.000	0.000	0	0	+
genome1_contig3	4801	10356	AACAGGAACGTTCACAGTTACAGCTAAGGAAGATCC	41.120	100.000	0.000	0	0	+
genome1_contig4	4802	11677	GGGTGTTTCTACCCGACTGATGGGTGCCCTCATCAT	46.320	99.831	0.000	0	0	+
genome1_contig4	4838	11713	GGTTCACAGCGATGACAACGGTCTGGTATTGCCTCC	45.840	99.991	0.000	0	0	+
genome1_contig3	4840	10400	AACAACCACCATTCATGAATTCAAGGTAACGTCAAAAGACG	42.100	87.795	0.000	0	0	+
genome1_contig4	4874	11749	AAAGCTGGCTCCTATCCAGGTGGTTATCATTCCTAT	41.640	100.000	0.000	0	0	+
genome1_contig3	4881	10438	GCTCTAAGTCTCAGACTGTTCGTGTAACAGTTAGTCCT	41.310	96.272	0.000	0	0	+
genome1_contig4	4910	11785	CAACAAGGGCGAGGAGCAGTTGGCTCAGATTACTGC	46.050	100.000	0.000	0	0	+
genome1_contig3	4923	10483	TCGGTGATTATCGTATCTATTTCAGAGCGATTAATGACCGC	41.780	99.065	0.000	0	0	+
genome1_contig4	4968	11843	CAGCTCCGCGAGTTGGGCATCAGCGTGAAGTATGAT	46.920	100.000	0.000	0	0	+
genome1_contig3	4973	10533	ACTGGAGGTAACAGTTCCGATAATTTCAAGGGAATCTTAGC	41.850	98.305	0.000	0	0	+
genome1_contig4	5004	11879	GACAACACAGCTAAGCGTCCTGGCTTCAAGTTTGCT	44.880	100.000	0.000	0	0	+
genome1_contig3	5014	10569	AGAAGGAGGTACAAACAACTGGAGCGATGGATGGAA	43.410	98.361	0.000	0	0	+
genome1_contig4	5040	11915	GACTACGAGTTGAAGGGTGTACCTGTTCGTCTCGCA	44.550	100.000	0.000	0	0	+
genome1_contig3	5050	10606	TGAGGATGCAAATGATAAAAGTGCCAAACCAGACAAC	41.220	96.654	0.000	0	0	+
genome1_contig4	5076	11951	ATGGGTGGCCGTGACTTGGAGAACAACACCATCGAG	46.840	99.230	0.000	0	0	+
genome1_contig3	5087	10647	CACCGCATCTATGTATATACCCAGATTGGTGAAACAGAAGA	41.600	99.480	0.000	0	0	+
genome1_contig4	5112	11990	ATCATGCGTCGTGATACTTTGGAGAAGGAGAATGTAAGC	42.320	100.000	0.000	0	0	+
genome1_contig4	5151	12026	TTCGACGGCATCGTAGAGCGCGTGAAGGATATGTTG	45.360	100.000	0.000	0	0	+
genome1_contig3	5152	10707	TTTTACGGAAGGGACCGATAGAAATGGATGGCCTGG	43.840	100.000	0.000	0	0	+
genome1_contig4	5187	12062	GAAGACATCCAGAAGAACATCTTCGAGAAGGCTCGT	42.170	95.821	0.000	0	0	+
genome1_contig3	5188	10743	AGATAAAATGGTGGCCGACGAGACTAACACCGGATG	43.790	100.000	0.000	0	0	+
genome1_contig4	5223	12098	GCTTACCGTGATGCTCACGTATATGAGTGCGATAAC	41.590	100.000	0.000	0	0	+
genome1_contig3	5224	10784	GTATTACAAAGACTTCGGTCAATATGCGCAGTCTGTATCAA	41.050	99.454	0.000	0	0	+
genome1_contig4	5259	12134	TACGAGGAGTTCAAGGAGCGTGTAAAGAATGGCGGT	44.760	100.000	0.000	0	0	+
genome1_contig3	5267	10826	ACAAATGGATCAGAAGGTAAAAGAACTATTACGCCAGGTG	41.190	99.420	0.000	0	0	+
genome1_contig4	5313	12188	GACGGTACAGCCGAGACCGAGGCAAAGATCAAGGAG	46.380	99.256	0.000	0	0	+
genome1_contig3	5341	10899	AGATCAAGGATATAGTTTACACCGCTGTCCTCATCATCT	41.020	100.000	0.000	0	0	+
genome1_contig4	5349	12224	GAGACTCAGGCTACCATCCGTTGCGTACCATTCGCT	46.290	100.000	0.000	0	0	+
genome1_contig3	5380	10935	AGAGCCAGGTATTCCTCTCTTCGATTATGAAGACCG	41.550	99.253	0.000	0	0	+
genome1_contig4	5385	12260	TACGAGCAGACTCCAGGTGTTGATATGGTGAGCGGC	46.180	98.589	0.000	0	0	+
genome1_contig3	5416	10971	TGAAGGCTGGATTGTCTATGATCCTACATCCGACCC	43.060	99.723	0.000	0	0	+
genome1_contig4	5421	12296	AAGCCTGCCGTAGCTCGCGTTATCATCGCAAGAAGT	46.700	97.971	0.000	0	0	+
genome1_contig3	5452	11012	TATATGGCGTGTACATGATGATATGCCTGAAATAGAGGACA	41.130	98.684	0.000	0	0	+
genome1_contig4	5472	12347	AAAACGGTGTCGGGAGATTCCCGGCACCATCAAATA	45.430	100.000	0.000	0	0	+
genome1_contig4	5540	12415	TTTTCTGATGTCCATGGTCTTCTCAGGCTATGGAGA	41.610	100.000	0.000	0	0	+
genome1_contig4	5594	12474	TTCTTTATCTCATCAGGATTCTTTAGCTGTTGAAGCTGCTG	41.140	100.000	0.000	0	0	+
genome1_contig4	5635	12510	ATGCTACGCAACAGAAAGAGGGAGCATACGCAACAG	44.490	100.000	0.000	0	0	+
genome1_contig4	5671	12546	AAGCCAGCCATACGAAGGATAGACTTGCCAAAGTTA	42.360	100.000	0.000	0	0	+
genome1_contig4	5733	12608	CAGCTGGAAGATGCATCCAATGCCGCCTATCGGGTA	46.750	98.250	0.000	0	0	+
genome1_contig4	5770	12650	GCAGCAGTCGTCCACAGCGTTTATTGCCAAGTGGCAATATA	46.550	100.000	0.000	0	0	+
genome1_contig4	5811	12686	TATGGCAACCCATCTGCAAGCAGTAGATTGCTAACC	43.050	100.000	0.000	0	0	+
genome1_contig4	5861	12741	TTTATCATCCCTTTTATCAGTCATAGAAGGTGCGAAGGAGC	41.880	100.000	0.000	0	0	+
genome1_contig4	5902	12777	CTTTCCGTCAGGAAACCGCCCCTATCCACTTTGATG	44.470	100.000	0.000	0	0	+
genome1_contig4	5938	12813	TCGCCAGCAAGTATTATGTCATTTGCCTGCGGCATC	45.090	99.449	0.000	0	0	+
genome1_contig4	6000	12880	ATTATAAGGTGTAAGCATTCCCAGTAGAGAAGGCTTACAGC	41.630	100.000	0.000	0	0	+
genome1_contig4	6041	12917	ATAGTTATGTCTGCAAGGCTCATTGAAGCATTGCAGA	41.570	100.000	0.000	0	0	+
genome1_contig4	6149	13029	GATTAATCATTTAGATATGGGTGCGGAAGTATTGGCACTCG	41.380	100.000	0.000	0	0	+
genome1_contig4	6190	13065	ACGATGTACAGGTAAAGAAGGGTTTCATGGGTTTGA	41.060	94.464	0.000	0	0	+
genome1_contig4	6226	13104	CCATCAAGTTGATCTACAAACCAACCAACAGTGCTATCA	41.490	98.580	0.000	0	0	+
genome1_contig4	6265	13140	AGATCAAGGAGAAGGAATATTCAGCAGAGGATGGCA	41.720	99.471	0.000	0	0	+
genome1_contig4	6301	13176	AGAAGCTCCTCAACATCCTTAACTCTGCCCCTAGCG	44.650	98.695	0.000	0	0	+
genome1_contig4	6337	13217	AGGTAGAATCTTCTATAAAGAAGTTCCCGGTATCAGCCATC	41.090	99.070	0.000	0	0	+
genome1_contig4	6378	13253	AGCATGGGTAATATGAAGCTGCAGGCGTGCCTCTCT	46.460	100.000	0.000	0	0	+
genome1_contig4	6416	13291	CGACCATCAGTTTGTAGCCACCCAGCTCCTTGCCTT	46.940	100.000	0.000	0	0	+
genome1_contig4	6452	13327	CAAGGATTTCGGCTACCAGCCAGTTACAGAGATGGT	43.730	100.000	0.000	0	0	+
genome1_contig4	6491	13366	CTATACAGGCAAGACAGCCGAGGCTTTCGCCCAACT	46.710	100.000	0.000	0	0	+
genome1_contig4	6535	13414	ATCCAACTGGTATCATATAAATTAAAAGGGTGCGTCACGG	41.270	100.000	0.000	0	0	+
genome1_contig4	6633	13513	ATGATTAGAATCCCCACTTTTCCTTAACCGTATTCGGATCA	41.520	96.581	0.000	0	0	+
genome1_contig4	6679	13559	AGCATTTTCTATGCTTCTCTCAATATCATCCGGAAGATTGC	41.280	152.887	0.000	0	2	+
genome1_contig4	6720	13595	AGAAGAAATCGAGACCTGTGAGTTCCTCCAGTTTCT	41.580	98.895	0.000	0	0	+
genome1_contig4	6756	13631	TGATATTGACCACATGGCCCTTCACCTTTTCAGATG	41.680	100.000	0.000	0	0	+
genome1_contig4	6792	13667	AACCGTAAGCGCTGTGGCGGAACCAGAAACCGATAG	46.970	99.644	0.000	0	0	+
