probe_ID,parent,derived,align_chr,align_start,bowtie,on_target
0,genome1_contig1:1-2197|0,GTTGTGTTGAGAGTGGTGTGAGTGGAACTATCATTCC,GTTGTGTTGAGAGTGGTGTGAGTGGAACTATCATTCC,genome1_contig1,1,74,1
1,genome1_contig1:61-2261|0,TGAAAGTGGTAAAGCCTATTGCTGACAGATATGATATCCGC,TGAAAGTGGTAAAGCCTATTGCTGACAGATATGATATCCGC,genome1_contig1,61,82,1
2,genome1_contig1:102-2299|0,GTCATCATGATGATTACTCCAGAGACAAGTGAGGAGCG,GTCATCATGATGATTACTCCAGAGACAAGTGAGGAGCG,genome1_contig1,102,76,1
3,genome1_contig1:148-2348|0,TCATCGACGAACATACTGATGGCTTTATCTATATGGTCAGC,TCATCGACGAACATACTGATGGCTTTATCTATATGGTCAGC,genome1_contig1,148,82,1
4,genome1_contig1:205-2402|0,GTGCCCAGAGTAGCTTCGGCGATGCAAAGTTGGCTTAT,GTGCCCAGAGTAGCTTCGGCGATGCAAAGTTGGCTTAT,genome1_contig1,205,76,1
5,genome1_contig1:256-2456|0,ATGGTATGAATCTTCGTAATCCTCGTATGATTGGTTTCGGA,ATGGTATGAATCTTCGTAATCCTCGTATGATTGGTTTCGGA,genome1_contig1,256,82,1
6,genome1_contig1:297-2492|0,ATCAGCAACAAGCAGACTCTTACGAGTGCGCAGGAT,ATCAGCAACAAGCAGACTCTTACGAGTGCGCAGGAT,genome1_contig1,297,72,1
7,genome1_contig1:333-2528|0,AACGCAGCAGGTGCCATCATTGGTAGTAAGTTTGTG,AACGCAGCAGGTGCCATCATTGGTAGTAAGTTTGTG,genome1_contig1,333,72,1
8,genome1_contig1:369-2564|0,ACATTGCTCAATGAGGTAGGCAATCCAGACCAGGCT,ACATTGCTCAATGAGGTAGGCAATCCAGACCAGGCT,genome1_contig1,369,72,1
9,genome1_contig1:405-2601|0,CTCGACCTGCTTTTCGAAGCACTCAAACATTAACATT,CTCGACCTGCTTTTCGAAGCACTCAAACATTAACATT,genome1_contig1,405,74,1
10,genome1_contig1:645-2844|0,AAGTGTGTAACTGAACTCCAGAAGGCTTATAAGCCTATCA,AAGTGTGTAACTGAACTCCAGAAGGCTTATAAGCCTATCA,genome1_contig1,645,80,1
11,genome1_contig1:685-2881|0,TAGAGAGCGAGGAGTTCAAGAAAGAGTATTATGCGCT,TAGAGAGCGAGGAGTTCAAGAAAGAGTATTATGCGCT,genome1_contig1,685,74,1
12,genome1_contig1:722-2917|0,CCTGAAGGATTATGTTGGCCGCCCTTCACCTCTTTA,CCTGAAGGATTATGTTGGCCGCCCTTCACCTCTTTA,genome1_contig1,722,72,1
13,genome1_contig1:758-2956|0,CTATGCGAAGAGAATGAGTGAAAAGTATGGATGCCAACT,CTATGCGAAGAGAATGAGTGAAAAGTATGGATGCCAACT,genome1_contig1,758,78,1
14,genome1_contig1:797-2992|0,CTATCTGAAGCGTGAGGATCTGAATCATACCGGTGC,CTATCTGAAGCGTGAGGATCTGAATCATACCGGTGC,genome1_contig1,797,72,1
15,genome1_contig1:833-3031|0,GCACAAAATTAACAATACCATCGGTCAGATTCTGATGGC,GCACAAAATTAACAATACCATCGGTCAGATTCTGATGGC,genome1_contig1,833,78,1
16,genome1_contig1:872-3067|0,AAAGAAGATGGGTAAAACACGTATCATCGCCGAGAC,AAAGAAGATGGGTAAAACACGTATCATCGCCGAGAC,genome1_contig1,872,72,1
17,genome1_contig1:913-3108|0,CCGGACAGCATGGTGTAGCAACAGCTACCGTCTGTG,CCGGACAGCATGGTGTAGCAACAGCTACCGTCTGTG,genome1_contig1,913,72,1
18,genome1_contig1:983-3178|0,GGCTACCGATGTGGAACGCCAGCATACCAATGTGGA,GGCTACCGATGTGGAACGCCAGCATACCAATGTGGA,genome1_contig1,983,72,1
19,genome1_contig1:1019-3214|0,GCGTATGAAGATGCTGGGTGCCAAGGTGAATCCTGT,GCGTATGAAGATGCTGGGTGCCAAGGTGAATCCTGT,genome1_contig1,1019,72,1
20,genome1_contig1:1055-3250|0,CCGTACGGGCAATATGACTTTAAGTGATGCATGCTC,CCGTACGGGCAATATGACTTTAAGTGATGCATGCTC,genome1_contig1,1055,72,1
21,genome1_contig1:1092-3288|0,GAGGCTATCCGCGACTGGTGCTGTCATCCACAGGATA,GAGGCTATCCGCGACTGGTGCTGTCATCCACAGGATA,genome1_contig1,1092,74,1
22,genome1_contig1:1129-3325|0,CCTTCTATATCGTTGGTTCTACGATGGGACCTCATCC,CCTTCTATATCGTTGGTTCTACGATGGGACCTCATCC,genome1_contig1,1129,74,1
23,genome1_contig1:1166-3361|0,TTACCCAGATATCGTGGCAAAGATGCAGAGTGTGAT,TTACCCAGATATCGTGGCAAAGATGCAGAGTGTGAT,genome1_contig1,1166,72,1
24,genome1_contig1:1202-3397|0,CAGTGAGGAGCTGAAATGGCAGTTGGAAGAGAAGAT,CAGTGAGGAGCTGAAATGGCAGTTGGAAGAGAAGAT,genome1_contig1,1202,72,1
25,genome1_contig1:1241-3436|0,CCGCGATTATCCTGATTACCTCATCGCCTGCGTGGG,CCGCGATTATCCTGATTACCTCATCGCCTGCGTGGG,genome1_contig1,1241,72,1
26,genome1_contig1:1277-3472|0,TGGTGGAAGCAATGCCGCGGGTACCATCTATCATTA,TGGTGGAAGCAATGCCGCGGGTACCATCTATCATTA,genome1_contig1,1277,72,1
27,genome1_contig1:1313-3508|0,TATTGATGATGAGCGGGTTCAGATCTATCTGGCTGA,TATTGATGATGAGCGGGTTCAGATCTATCTGGCTGA,genome1_contig1,1313,72,1
28,genome1_contig1:1349-3544|0,GGCTGCCGGTCATGGTATTGATACCAATTACACGGC,GGCTGCCGGTCATGGTATTGATACCAATTACACGGC,genome1_contig1,1349,72,1
29,genome1_contig1:1385-3580|0,TGCAACCATGCATTGCGGTACTGAGGGAATCATTCA,TGCAACCATGCATTGCGGTACTGAGGGAATCATTCA,genome1_contig1,1385,72,1
30,genome1_contig1:1427-3622|0,CCGCACGCTTGTGATGCAGACTGAGGATGGACAGAT,CCGCACGCTTGTGATGCAGACTGAGGATGGACAGAT,genome1_contig1,1427,72,1
31,genome1_contig1:1463-3658|0,TGAGGAAGCCTTCACCATCAGTGCCGGTTTGGATTA,TGAGGAAGCCTTCACCATCAGTGCCGGTTTGGATTA,genome1_contig1,1463,72,1
32,genome1_contig1:1499-3694|0,TCCGGGTATTGGACCTATGCATGCAGACTTGGCTAC,TCCGGGTATTGGACCTATGCATGCAGACTTGGCTAC,genome1_contig1,1499,72,1
33,genome1_contig1:1535-3730|0,AAGGGGTAGAAGTCATGTACTTGCCATCAAGGATGA,AAGGGGTAGAAGTCATGTACTTGCCATCAAGGATGA,genome1_contig1,1535,72,1
34,genome1_contig1:1571-3766|0,TGAGGCTATTTATGCCGGTTACGAACTGACTCGTAT,TGAGGCTATTTATGCCGGTTACGAACTGACTCGTAT,genome1_contig1,1571,72,1
35,genome1_contig1:1607-3802|0,GGAAGGTATCATACCGGTCGGCGAGATCCATCATCT,GGAAGGTATCATACCGGTCGGCGAGATCCATCATCT,genome1_contig1,1607,72,1
36,genome1_contig1:1664-3864|0,AAAATGAAGTTCAAGAAATGTCGTTGTCTTGACCGTTTCAG,AAAATGAAGTTCAAGAAATGTCGTTGTCTTGACCGTTTCAG,genome1_contig1,1664,82,1
37,genome1_contig1:1705-3900|0,GCCGTGGTGACAAGGATGTAGAAACCTATTTGAGCC,GCCGTGGTGACAAGGATGTAGAAACCTATTTGAGCC,genome1_contig1,1705,72,1
38,genome1_contig1:1825-4025|0,GGCTAAGTTTAATTATACGACAGTAACTCGCACGATTCTCG,GGCTAAGTTTAATTATACGACAGTAACTCGCACGATTCTCG,genome1_contig1,1825,82,1
39,genome1_contig1:1866-4061|0,CCGACCTCTATACGCCTGTGGGAGTTTATATGCGAT,CCGACCTCTATACGCCTGTGGGAGTTTATATGCGAT,genome1_contig1,1866,72,1
40,genome1_contig1:1916-4111|0,CCCCAGTCGGCTCTGATGGAGAGTAGCGACTATCAT,CCCCAGTCGGCTCTGATGGAGAGTAGCGACTATCAT,genome1_contig1,1916,72,1
41,genome1_contig1:1952-4147|0,GGTTCTGAGAATTCCCGTTCCTTCATCGGTGTACAT,GGTTCTGAGAATTCCCGTTCCTTCATCGGTGTACAT,genome1_contig1,1952,72,1
42,genome1_contig1:1988-4183|0,CCATTGGCTAGCATTGCCGTGAGTCATGGAGAGGTT,CCATTGGCTAGCATTGCCGTGAGTCATGGAGAGGTT,genome1_contig1,1988,72,1
43,genome1_contig1:2024-4224|0,ATCAAGACTTATCCTGATGGTAGTGTAGAGAAACAGCAACT,ATCAAGACTTATCCTGATGGTAGTGTAGAGAAACAGCAACT,genome1_contig1,2024,82,1
44,genome1_contig1:2065-4260|0,TCCAGCCTTCGGCGAAGGAAAGGGAGAAGATTGCAA,TCCAGCCTTCGGCGAAGGAAAGGGAGAAGATTGCAA,genome1_contig1,2065,72,1
45,genome1_contig1:2114-4314|0,AAAGCTTTCAATGAATTCATCCAAAGTTTCCATGTTGAGGG,AAAGCTTTCAATGAATTCATCCAAAGTTTCCATGTTGAGGG,genome1_contig1,2114,82,1
46,genome1_contig2:13-1788|0,GTGGTTCGTCCGAGTCATCGGCGTGGGTACGAAAAG,GTGGTTCGTCCGAGTCATCGGCGTGGGTACGAAAAG,genome1_contig2,13,72,1
47,genome1_contig2:49-1829|0,AGTTTCTTGAATCAATCTGCCACCTTATATTATACGGGTGC,AGTTTCTTGAATCAATCTGCCACCTTATATTATACGGGTGC,genome1_contig2,49,82,1
48,genome1_contig2:90-1865|0,CAAGTTCCCGTCAACTATAGCATTGCAGGATCTTCA,CAAGTTCCCGTCAACTATAGCATTGCAGGATCTTCA,genome1_contig2,90,72,1
49,genome1_contig2:127-1907|0,TATTTTGTGCCGTATATCAAGGGTAAGGGTATTCGTGATGT,TATTTTGTGCCGTATATCAAGGGTAAGGGTATTCGTGATGT,genome1_contig2,127,82,1
50,genome1_contig2:177-1957|0,TGTAAGAATGAGAACCATAACGAGTAAAGAGGCTAAGCAGG,TGTAAGAATGAGAACCATAACGAGTAAAGAGGCTAAGCAGG,genome1_contig2,177,82,1
51,genome1_contig2:218-1993|0,ATGAAGGGGCTGATGCAACAGATGATTTGCGTTTAG,ATGAAGGGGCTGATGCAACAGATGATTTGCGTTTAG,genome1_contig2,218,72,1
52,genome1_contig2:291-2071|0,ATATTGTATGATTGATGTCTTGCAAATGACAGACCTCACGT,ATATTGTATGATTGATGTCTTGCAAATGACAGACCTCACGT,genome1_contig2,291,82,1
53,genome1_contig2:396-2171|0,TTTTCTAATTTAATGCCACATCTGCCACGCTGTGTG,TTTTCTAATTTAATGCCACATCTGCCACGCTGTGTG,genome1_contig2,396,72,1
54,genome1_contig2:434-2214|0,AGTGGTTGATACAGATAGAATAATGGGTGGCAATAAGGTGC,AGTGGTTGATACAGATAGAATAATGGGTGGCAATAAGGTGC,genome1_contig2,434,82,1
55,genome1_contig2:477-2252|0,TTTTATAGCCACCTATTGCCACACCGATACGTTCTT,TTTTATAGCCACCTATTGCCACACCGATACGTTCTT,genome1_contig2,477,72,1
56,genome1_contig2:513-2290|0,TATACTATGCCCAAGGCTAAAGGAAAGTCAACCGAAAC,TATACTATGCCCAAGGCTAAAGGAAAGTCAACCGAAAC,genome1_contig2,513,76,1
57,genome1_contig2:576-2351|0,GGGTGCTTTTGACCGGATGTTTCGGGCACTTGTCTT,GGGTGCTTTTGACCGGATGTTTCGGGCACTTGTCTT,genome1_contig2,576,72,1
58,genome1_contig2:612-2387|0,CGTTGTAAGGGGCACGTATCCTCGTTGTATGGAGGA,CGTTGTAAGGGGCACGTATCCTCGTTGTATGGAGGA,genome1_contig2,612,72,1
59,genome1_contig2:648-2423|0,CATGTCCTCGATGTATCGGGCAAGCACTTACGATAT,CATGTCCTCGATGTATCGGGCAAGCACTTACGATAT,genome1_contig2,648,72,1
60,genome1_contig2:684-2460|0,ATGACGCAAGTACTTACGATATATGACGCAAGCACTT,ATGACGCAAGTACTTACGATATATGACGCAAGCACTT,genome1_contig2,684,74,1
61,genome1_contig2:684-2460|0,ATGACGCAAGTACTTACGATATATGACGCAAGCACTT,NNNNNGCAAGCACTTACGATATATGACGCAAGTACTT,genome1_contig2,667,48,1
62,genome1_contig2:726-2506|0,ATATGACGTAAGCACTTACGATATTTAGAAGACGCAAGGCA,ATATGACGTAAGCACTTACGATATTTAGAAGACGCAAGGCA,genome1_contig2,726,82,1
63,genome1_contig2:767-2542|0,ATGCAGAGAGCTGCTGCATGATGGTCTTTGCCATAC,ATGCAGAGAGCTGCTGCATGATGGTCTTTGCCATAC,genome1_contig2,767,72,1
64,genome1_contig2:805-2580|0,GAATGGCCGGCATCGTTTGGATGAAGACGGTCGGTA,GAATGGCCGGCATCGTTTGGATGAAGACGGTCGGTA,genome1_contig2,805,72,1
65,genome1_contig2:841-2616|0,TCCGGCTTGTTGAACATCTGGGCACCTGCATCATAA,TCCGGCTTGTTGAACATCTGGGCACCTGCATCATAA,genome1_contig2,841,72,1
66,genome1_contig2:877-2652|0,ATAGGGAAGAGACCTGAAAGGGAGTTGAGGTCGATG,ATAGGGAAGAGACCTGAAAGGGAGTTGAGGTCGATG,genome2_contig2,6541,72,0
67,genome1_contig2:877-2652|0,ATAGGGAAGAGACCTGAAAGGGAGTTGAGGTCGATG,ATAGGGAAGAGACCTGAAAGGGAGTTGAGGTCGATG,genome1_contig2,877,72,1
68,genome1_contig2:913-2688|0,ACCGGAACCGCCCAGACATTGCCTACTTCCTTAATC,ACCGGAACCGCCCAGACATTGCCTACTTCCTTAATC,genome1_contig2,913,72,1
69,genome1_contig2:949-2724|0,GCCTTTACGTATTCATCGAAGAAGATGCCACGGGCA,GCCTTTACGTATTCATCGAAGAAGATGCCACGGGCA,genome1_contig2,949,72,1
70,genome1_contig2:985-2760|0,TTCTCGTACATCTCATCAGGCTGGATGTTCTTGTCG,TTCTCGTACATCTCATCAGGCTGGATGTTCTTGTCG,genome1_contig2,985,72,1
71,genome1_contig2:1030-2805|0,AAAAGCGCACGGTGCACAGGAGTCATCACCACAATC,AAAAGCGCACGGTGCACAGGAGTCATCACCACAATC,genome1_contig2,1030,72,1
72,genome1_contig2:1066-2843|0,TGCTTGGTAGGATACATCTGCTTCAGTTTCGACATAGC,TGCTTGGTAGGATACATCTGCTTCAGTTTCGACATAGC,genome1_contig2,1066,76,1
73,genome1_contig2:1104-2879|0,GATGTTGATGCGGCCTTTCAAAGTGTTCTTATCCAT,GATGTTGATGCGGCCTTTCAAAGTGTTCTTATCCAT,genome1_contig2,1104,72,1
74,genome1_contig2:1140-2915|0,GGCAAAATGACGATGGCGACGCTGAACCATTTCGCT,GGCAAAATGACGATGGCGACGCTGAACCATTTCGCT,genome1_contig2,1140,72,1
75,genome1_contig2:1189-2964|0,GCTACCCTCACGCTGTCGAAAGTCTCCGTGTACCAT,GCTACCCTCACGCTGTCGAAAGTCTCCGTGTACCAT,genome1_contig2,1189,72,1
76,genome1_contig2:1225-3000|0,TCGCCGATAGGTACACCATTGTTGTAATCGTTGGTG,TCGCCGATAGGTACACCATTGTTGTAATCGTTGGTG,genome1_contig2,1225,72,1
77,genome1_contig2:1261-3036|0,CCCATGAAGATGAGGATGGCATCGAAATCATCGCCA,CCCATGAAGATGAGGATGGCATCGAAATCATCGCCA,genome1_contig2,1261,72,1
78,genome1_contig2:1299-3074|0,CTCCTTCTGGAGCTGATCTGCCTGACGGGGAATGTC,CTCCTTCTGGAGCTGATCTGCCTGACGGGGAATGTC,genome1_contig2,1299,72,1
79,genome1_contig2:1335-3110|0,GTTCCACTGTCTGCCGCTCACACCATAAACGTATGG,GTTCCACTGTCTGCCGCTCACACCATAAACGTATGG,genome1_contig2,1335,72,1
80,genome1_contig2:1372-3147|0,GTGATGCCGAGCCAATCCTGCAGGAATCCCCAGTAT,GTGATGCCGAGCCAATCCTGCAGGAATCCCCAGTAT,genome1_contig2,1372,72,1
81,genome1_contig2:1408-3183|0,TTCACTTTTGAAGCCTTGATGTTCGGATCGGTGATG,TTCACTTTTGAAGCCTTGATGTTCGGATCGGTGATG,genome1_contig2,1408,72,1
82,genome1_contig2:1444-3219|0,GAGTCGCCGAAGTAAGCCACCTTCTTGCCTTTCCAA,GAGTCGCCGAAGTAAGCCACCTTCTTGCCTTTCCAA,genome1_contig2,1444,72,1
83,genome1_contig2:1480-3256|0,GGATGATGAAGGTTCTTGAAAGCCTTTTCCTTTTCGG,GGATGATGAAGGTTCTTGAAAGCCTTTTCCTTTTCGG,genome1_contig2,1480,74,1
84,genome1_contig2:1517-3292|0,CGATTTCTTTCTTGCTCATCGCCTTTTGGGCGAATG,CGATTTCTTTCTTGCTCATCGCCTTTTGGGCGAATG,genome1_contig2,1517,72,1
85,genome1_contig2:1560-3336|0,GGTTGGCATCGCCAAACTGAGGGCAAGTACCAGAGTA,GGTTGGCATCGCCAAACTGAGGGCAAGTACCAGAGTA,genome1_contig2,1560,74,1
86,genome1_contig3:38-5598|0,AAACATTTCTTTGGATTAGCAGTGATAGCTGCTATGACAGC,AAACATTTCTTTGGATTAGCAGTGATAGCTGCTATGACAGC,genome1_contig3,38,82,1
87,genome1_contig3:116-5671|0,GGGGTAATGGTTCAGGTGAGAATGAATCAGGTGTAA,GGGGTAATGGTTCAGGTGAGAATGAATCAGGTGTAA,genome1_contig3,116,72,1
88,genome1_contig3:152-5710|0,GCTATGCTTCTTTCTCTATCAACTTGCCAACAACAAACG,GCTATGCTTCTTTCTCTATCAACTTGCCAACAACAAACG,genome1_contig3,152,78,1
89,genome1_contig3:191-5746|0,GTACACGTGCTACTGACCCTTCATTTGATAAGGGTG,GTACACGTGCTACTGACCCTTCATTTGATAAGGGTG,genome1_contig3,191,72,1
90,genome1_contig3:191-5746|0,GTACACGTGCTACTGACCCTTCATTTGATAAGGGTG,NNACACGTGCTACTGACCCTTCATTTGATAAGGGTG,genome2_contig3,2638,68,1
91,genome1_contig3:227-5786|0,ATGCCAATGAGTATGATGTTAATGATGTTACCTTGCTGGT,ATGCCAATGAGTATGATGTTAATGATGTTACCTTGCTGGT,genome1_contig3,227,80,1
92,genome1_contig3:267-5822|0,TTTCAAGAAGGGTACTGATGCAACATCAGAGGGAGC,TTTCAAGAAGGGTACTGATGCAACATCAGAGGGAGC,genome1_contig3,267,72,1
93,genome1_contig3:303-5861|0,ATATACCTTCGTAGAGTATGTTGATCTGGGCTCAATGGC,ATATACCTTCGTAGAGTATGTTGATCTGGGCTCAATGGC,genome1_contig3,303,78,1
94,genome1_contig3:354-5914|0,TCCAAATGAAACAGGTGTAACTACCCATTCCAAGATTACAG,TCCAAATGAAACAGGTGTAACTACCCATTCCAAGATTACAG,genome1_contig3,354,82,1
95,genome1_contig3:395-5950|0,CAAAGCTTGAAAAGGTCGACAAGAATGGCGATTTCT,CAAAGCTTGAAAAGGTCGACAAGAATGGCGATTTCT,genome1_contig3,395,72,1
96,genome1_contig3:431-5990|0,TCGCATTGGTACTTTTGAACAATGGTAAAGATGCAAATGC,TCGCATTGGTACTTTTGAACAATGGTAAAGATGCAAATGC,genome1_contig3,431,80,1
97,genome1_contig3:478-6038|0,ACTTTGCCACATGATGGTGATAAATTTTCAACTTGGAATGC,ACTTTGCCACATGATGGTGATAAATTTTCAACTTGGAATGC,genome1_contig3,478,82,1
98,genome1_contig3:519-6074|0,AGCAACTAATGCGACAGCCAAATTTGCTTCTACCGA,AGCAACTAATGCGACAGCCAAATTTGCTTCTACCGA,genome1_contig3,519,72,1
99,genome1_contig3:557-6117|0,AGGGATTCTATATGGCAAATGCACCTCTATTCGATAACACT,AGGGATTCTATATGGCAAATGCACCTCTATTCGATAACACT,genome1_contig3,557,82,1
100,genome1_contig3:619-6179|0,GTTGCTATCGACAAAGATAAGATTTACCCAACAGAATCCCA,GTTGCTATCGACAAAGATAAGATTTACCCAACAGAATCCCA,genome1_contig3,619,82,1
101,genome1_contig3:660-6216|0,GGCATCTGCAGGTGCAGCTGCTGCCGATATCTATGTT,GGCATCTGCAGGTGCAGCTGCTGCCGATATCTATGTT,genome1_contig3,660,74,1
102,genome1_contig3:697-6252|0,GAGCGTGGTCTTGCTAAGGTTACCTTAGGTACAGGT,GAGCGTGGTCTTGCTAAGGTTACCTTAGGTACAGGT,genome1_contig3,697,72,1
103,genome1_contig3:733-6290|0,ACTGGTACCGAAAAGACTGTAGCTGATGGTACATATGC,ACTGGTACCGAAAAGACTGTAGCTGATGGTACATATGC,genome1_contig3,733,76,1
104,genome1_contig3:771-6329|0,AAACGATAAGGTTACAATCAAGAACTGGGCTTTGGATGT,AAACGATAAGGTTACAATCAAGAACTGGGCTTTGGATGT,genome1_contig3,771,78,1
105,genome1_contig3:810-6367|0,TACCAACAAGAAGACATTCCCTATTCACAACGTTGAGG,TACCAACAAGAAGACATTCCCTATTCACAACGTTGAGG,genome1_contig3,810,76,1
106,genome1_contig3:876-6436|0,TATTTGGAAGAATACTACAACTGCTAGTCCTACCAATGGCG,TATTTGGAAGAATACTACAACTGCTAGTCCTACCAATGGCG,genome1_contig3,876,82,1
107,genome1_contig3:917-6472|0,CAACCAATCAGCGTTTCGTTGACAATAAGCCAGAAA,CAACCAATCAGCGTTTCGTTGACAATAAGCCAGAAA,genome1_contig3,917,72,1
108,genome1_contig3:988-6548|0,AACTATAAAGATGCAAAATTAAACGCTGAGACAGAGCAGGG,AACTATAAAGATGCAAAATTAAACGCTGAGACAGAGCAGGG,genome1_contig3,988,82,1
109,genome1_contig3:1033-6590|0,ACTGATAGAAAAGCGGAGTTCAACTATGTCGCAAAAGA,ACTGATAGAAAAGCGGAGTTCAACTATGTCGCAAAAGA,genome1_contig3,1033,76,1
110,genome1_contig3:1071-6627|0,TAAATTGACTGCAGAACTTGGTACTCCACTGTACTGC,TAAATTGACTGCAGAACTTGGTACTCCACTGTACTGC,genome1_contig3,1071,74,1
111,genome1_contig3:1108-6665|0,CTCGAGAATACATTCAACCTCGACAATATGATGCAGGG,CTCGAGAATACATTCAACCTCGACAATATGATGCAGGG,genome1_contig3,1108,76,1
112,genome1_contig3:1146-6701|0,ACAGACCACTCGCGTCATCTTCAAGGCTAAATATAC,ACAGACCACTCGCGTCATCTTCAAGGCTAAATATAC,genome1_contig3,1146,72,1
113,genome1_contig3:1216-6776|0,AAAATCGGAAAGAATGTACAGCTTTGGAAACAGGATGATCT,AAAATCGGAAAGAATGTACAGCTTTGGAAACAGGATGATCT,genome1_contig3,1216,82,1
114,genome1_contig3:1257-6812|0,TGAGAAGCATATCAAGGCCGCTGTTACCAATGTTGT,TGAGAAGCATATCAAGGCCGCTGTTACCAATGTTGT,genome1_contig3,1257,72,1
115,genome1_contig3:1293-6848|0,TGCCTCTGCAACTGATGCAAATACAACCATCACATT,TGCCTCTGCAACTGATGCAAATACAACCATCACATT,genome1_contig3,1293,72,1
116,genome1_contig3:1329-6884|0,GGCAGGTTCAGACAATGATTTGACAAAGGCTGGAAA,GGCAGGTTCAGACAATGATTTGACAAAGGCTGGAAA,genome1_contig3,1329,72,1
117,genome1_contig3:1404-6964|0,TACTCTTCAACCTGCTGATGTAAAGGCTATTAACGTCAAGT,TACTCTTCAACCTGCTGATGTAAAGGCTATTAACGTCAAGT,genome1_contig3,1404,82,1
118,genome1_contig3:1445-7005|0,TAGGTCTTTCTGAAGGTAATGGTATCAGCACTTACGAAAGT,TAGGTCTTTCTGAAGGTAATGGTATCAGCACTTACGAAAGT,genome1_contig3,1445,82,1
119,genome1_contig3:1486-7041|0,GGAGAATCTTACTACATTGCCCGCATCAAGCACTTC,GGAGAATCTTACTACATTGCCCGCATCAAGCACTTC,genome1_contig3,1486,72,1
120,genome1_contig3:1522-7077|0,GGCGATGTCTTGACTCCTTGGAAGGCTGGTAATAGC,GGCGATGTCTTGACTCCTTGGAAGGCTGGTAATAGC,genome1_contig3,1522,72,1
121,genome1_contig3:1558-7115|0,TACGGTACAGATAATCTTGCATACTTGGGGCGTTATGG,TACGGTACAGATAATCTTGCATACTTGGGGCGTTATGG,genome1_contig3,1558,76,1
122,genome1_contig3:1596-7155|0,TGTACTCCGTAACAACTGGTATGAATTGGATGTACAAAGC,TGTACTCCGTAACAACTGGTATGAATTGGATGTACAAAGC,genome1_contig3,1596,80,1
123,genome1_contig3:1636-7191|0,GTTAGCGGTCCTGGTTATCCTGATGTTCCAGATGTT,GTTAGCGGTCCTGGTTATCCTGATGTTCCAGATGTT,genome1_contig3,1636,72,1
124,genome1_contig3:1672-7227|0,AAGCCTAACACTCAAGACGATGAGAACGACATGTAC,AAGCCTAACACTCAAGACGATGAGAACGACATGTAC,genome1_contig3,1672,72,1
125,genome1_contig3:1708-7263|0,ATCAACGTCAGCGTGAAGATCCTCAGCTGGGCTAAG,ATCAACGTCAGCGTGAAGATCCTCAGCTGGGCTAAG,genome1_contig3,1708,72,1
126,genome1_contig3:1751-7311|0,AGAAGGTAGATTTGTAATAGCGTAATAACAACGAAAGGCGG,AGAAGGTAGATTTGTAATAGCGTAATAACAACGAAAGGCGG,genome1_contig3,1751,82,1
127,genome1_contig3:1792-7347|0,AGCTTAGGCTCCCGCCTTCGTTCAACCATACGAGTT,AGCTTAGGCTCCCGCCTTCGTTCAACCATACGAGTT,genome1_contig3,1792,72,1
128,genome1_contig3:1828-7383|0,GTGTTTTCTGCTTCACCATAGCGGAAAGCCAGAAAC,GTGTTTTCTGCTTCACCATAGCGGAAAGCCAGAAAC,genome1_contig3,1828,72,1
129,genome1_contig3:1899-7459|0,AACCAAACAGCATCATGGCAAACAATAAGTTACATAGTTGG,AACCAAACAGCATCATGGCAAACAATAAGTTACATAGTTGG,genome1_contig3,1899,82,1
130,genome1_contig3:1940-7495|0,ATCAAGAAGATACGCATGGAATGGGGATTCGACAGC,ATCAAGAAGATACGCATGGAATGGGGATTCGACAGC,genome1_contig3,1940,72,1
131,genome1_contig3:1976-7531|0,TTGACATCAATCAGCCGCACGACAGCATTCAGCAGC,TTGACATCAATCAGCCGCACGACAGCATTCAGCAGC,genome1_contig3,1976,72,1
132,genome1_contig3:2012-7567|0,ATCGTCGCTCTAGGCAGTATGCTCAGCAGCTGCAAC,ATCGTCGCTCTAGGCAGTATGCTCAGCAGCTGCAAC,genome1_contig3,2012,72,1
133,genome1_contig3:2048-7603|0,GACTTGATGCACGACGACCTCCCTCCTTGCGATATG,GACTTGATGCACGACGACCTCCCTCCTTGCGATATG,genome1_contig3,2048,72,1
134,genome1_contig3:2084-7639|0,GGAGTTGACTTGCAGTTCAAGTACGACTACAACGTC,GGAGTTGACTTGCAGTTCAAGTACGACTACAACGTC,genome1_contig3,2084,72,1
135,genome1_contig3:2120-7675|0,CAGCGCGCTGATATGTTCAATGATCATGTAGGCGGA,CAGCGCGCTGATATGTTCAATGATCATGTAGGCGGA,genome1_contig3,2120,72,1
136,genome1_contig3:2156-7711|0,GTCTGCGTGTTCATCTTCGATGAGCAGGGCAACCTA,GTCTGCGTGTTCATCTTCGATGAGCAGGGCAACCTA,genome1_contig3,2156,72,1
137,genome1_contig3:2231-7786|0,CCCCTCAAAGACCCTAACTATGCCATGCGCATAGAC,CCCCTCAAAGACCCTAACTATGCCATGCGCATAGAC,genome1_contig3,2231,72,1
138,genome1_contig3:2277-7835|0,GCAAATACCGCTTCGCCACCTTCGCCTTCCAGAAGAAAT,GCAAATACCGCTTCGCCACCTTCGCCTTCCAGAAGAAAT,genome1_contig3,2277,78,1
139,genome1_contig3:2341-7896|0,GAGGAGGACGAGCGCCGACCAGAAGATCTCGTAGAG,GAGGAGGACGAGCGCCGACCAGAAGATCTCGTAGAG,genome1_contig3,2341,72,1
140,genome1_contig3:2341-7896|0,GAGGAGGACGAGCGCCGACCAGAAGATCTCGTAGAG,GAGGAGGACGAGCGCCGACCAGAAGATCTCGTAGAG,genome3_contig1,193,72,1
141,genome1_contig3:2377-7932|0,AGAAAGCATCGAAGCCCTCCGTGCACTCGACAGAAA,AGAAAGCATCGAAGCCCTCCGTGCACTCGACAGAAA,genome1_contig3,2377,72,1
142,genome1_contig3:2413-7968|0,TGCCGGAAAGGTAGAAAACCAGGCACTTCCGCTTGA,TGCCGGAAAGGTAGAAAACCAGGCACTTCCGCTTGA,genome1_contig3,2413,72,1
143,genome1_contig3:2449-8004|0,TACCCTCTGGCAGGGATTGAGCAACGAAACGGTAGA,TACCCTCTGGCAGGGATTGAGCAACGAAACGGTAGA,genome1_contig3,2449,72,1
144,genome1_contig3:2485-8040|0,GGTGAAAGACCTTCAGGTTACCCACCATACCATCAG,GGTGAAAGACCTTCAGGTTACCCACCATACCATCAG,genome1_contig3,2485,72,1
145,genome1_contig3:2521-8076|0,TCTCATCAGAGACACCAAGCAGCTCACCATCAGTCT,TCTCATCAGAGACACCAAGCAGCTCACCATCAGTCT,genome1_contig3,2521,72,1
146,genome1_contig3:2567-8122|0,GACGATCCAGCCAACATCCAAGCCGACGACTTCAGT,GACGATCCAGCCAACATCCAAGCCGACGACTTCAGT,genome1_contig3,2567,72,1
147,genome1_contig3:2603-8161|0,TATCAGATAACCGATGCCAATGGCTACATCAATTACGAC,TATCAGATAACCGATGCCAATGGCTACATCAATTACGAC,genome1_contig3,2603,78,1
148,genome1_contig3:2642-8197|0,AATTCTCTCCTCCCAGACGAGGAGTTGACATACACC,AATTCTCTCCTCCCAGACGAGGAGTTGACATACACC,genome1_contig3,2642,72,1
149,genome1_contig3:2678-8233|0,CCTTACAAGACCTGGAACACCGAGTTCACCACTCCG,CCTTACAAGACCTGGAACACCGAGTTCACCACTCCG,genome1_contig3,2678,72,1
150,genome1_contig3:2763-8318|0,GCCTCGTGTTGCATCCCGTAACCGAGAACGACAAGA,GCCTCGTGTTGCATCCCGTAACCGAGAACGACAAGA,genome1_contig3,2763,72,1
151,genome1_contig3:2799-8354|0,ATGCGATACTGAGCATCTGGAACAAGAAGACGGGCG,ATGCGATACTGAGCATCTGGAACAAGAAGACGGGCG,genome1_contig3,2799,72,1
152,genome1_contig3:2835-8390|0,AAGAGGTGGTCCGCATCAATCTTGCCGATTGTCTCG,AAGAGGTGGTCCGCATCAATCTTGCCGATTGTCTCG,genome1_contig3,2835,72,1
153,genome1_contig3:2871-8426|0,CCCAAGGCAGAGGAGCCTTCGAGAACATAAACTATT,CCCAAGGCAGAGGAGCCTTCGAGAACATAAACTATT,genome1_contig3,2871,72,1
154,genome1_contig3:2907-8462|0,CTGCCCAGGAATTCCTGGATAGAGAATACGACTACA,CTGCCCAGGAATTCCTGGATAGAGAATACGACTACA,genome1_contig3,2907,72,1
155,genome1_contig3:2943-8500|0,AGCTCGACTTCTTCCTCAAAGGCGACCAGTGGCAGTAT,AGCTCGACTTCTTCCTCAAAGGCGACCAGTGGCAGTAT,genome1_contig3,2943,76,1
156,genome1_contig3:2981-8536|0,ATGCAACTCGGCATCTCCATCCTCGACTGGAGCAAG,ATGCAACTCGGCATCTCCATCCTCGACTGGAGCAAG,genome1_contig3,2981,72,1
157,genome1_contig3:3017-8577|0,CGCATACAGCGTGCCGACTTATAATCATAAATCATTCATCG,CGCATACAGCGTGCCGACTTATAATCATAAATCATTCATCG,genome1_contig3,3017,82,1
158,genome1_contig3:3137-8697|0,TGGTTGTTGACTAGTTTATTTGCAGTTAGTTGTAACGACGA,TGGTTGTTGACTAGTTTATTTGCAGTTAGTTGTAACGACGA,genome1_contig3,3137,82,1
159,genome1_contig3:3178-8733|0,GTTGGAGGGTGAAGGATACTCCTTCAACTCGTCTAG,GTTGGAGGGTGAAGGATACTCCTTCAACTCGTCTAG,genome1_contig3,3178,72,1
160,genome1_contig3:3255-8810|0,GCAAGGCATTCAGCGGCAGTTCCTCTGAGGTTCCTA,GCAAGGCATTCAGCGGCAGTTCCTCTGAGGTTCCTA,genome1_contig3,3255,72,1
161,genome1_contig3:3291-8847|0,CCTATAATGCCACGGTAGATGAATGCCAGATCAATGA,CCTATAATGCCACGGTAGATGAATGCCAGATCAATGA,genome1_contig3,3291,74,1
162,genome1_contig3:3328-8883|0,TCTTCGCCTCTACGCCTTTCCTGTAGATGGTAACGG,TCTTCGCCTCTACGCCTTTCCTGTAGATGGTAACGG,genome1_contig3,3328,72,1
163,genome1_contig3:3364-8919|0,TAAGCTCGTAGCAGAGAATCTTCCTGCGCCTTTGGC,TAAGCTCGTAGCAGAGAATCTTCCTGCGCCTTTGGC,genome1_contig3,3364,72,1
164,genome1_contig3:3400-8955|0,AAGCATGATGCTGGAAGAAAACGTTGCCAATTATCA,AAGCATGATGCTGGAAGAAAACGTTGCCAATTATCA,genome1_contig3,3400,72,1
165,genome1_contig3:3436-8991|0,GCTCACCATCGAGCCAGGCAAATACCATGTCTATGT,GCTCACCATCGAGCCAGGCAAATACCATGTCTATGT,genome1_contig3,3436,72,1
166,genome1_contig3:3483-9043|0,TGAGTGATGTCTTGAAAGACAAGGATATCACTACAGAAGGT,TGAGTGATGTCTTGAAAGACAAGGATATCACTACAGAAGGT,genome1_contig3,3483,82,1
167,genome1_contig3:3532-9087|0,AAAACTGGTACTAGGATATGCTTCCAACCTGACCCC,AAAACTGGTACTAGGATATGCTTCCAACCTGACCCC,genome1_contig3,3532,72,1
168,genome1_contig3:3568-9126|0,AGGTTTACCTGTCTCCACCAATATCCCAATGATATACGA,AGGTTTACCTGTCTCCACCAATATCCCAATGATATACGA,genome1_contig3,3568,78,1
169,genome1_contig3:3607-9162|0,GCCAAAGGATATCAGTGGCAATGCACTCGTAACAGA,GCCAAAGGATATCAGTGGCAATGCACTCGTAACAGA,genome1_contig3,3607,72,1
170,genome1_contig3:3643-9203|0,AATCAAGGCAACAGATAAATCAGCAACTGTTATCGCAAATC,AATCAAGGCAACAGATAAATCAGCAACTGTTATCGCAAATC,genome1_contig3,3643,82,1
171,genome1_contig3:3685-9245|0,GAAGTTCACTTGCGTCAAGGTAAAGTTGAATCTCATTTTCG,GAAGTTCACTTGCGTCAAGGTAAAGTTGAATCTCATTTTCG,genome1_contig3,3685,82,1
172,genome1_contig3:3726-9281|0,ATCCAGCTGTAGCAACTGTATTTAGCGGCAAAAGTT,ATCCAGCTGTAGCAACTGTATTTAGCGGCAAAAGTT,genome1_contig3,3726,72,1
173,genome1_contig3:3762-9321|0,TTTTGATTAAGAACATTCTTGCGCAGCAGTTAACTCCAAG,TTTTGATTAAGAACATTCTTGCGCAGCAGTTAACTCCAAG,genome1_contig3,3762,80,1
174,genome1_contig3:3802-9357|0,CACATCTCTATGCTGGGATGGATATTTCAGCCAGTC,CACATCTCTATGCTGGGATGGATATTTCAGCCAGTC,genome1_contig3,3802,72,1
175,genome1_contig3:3838-9395|0,TCAGGTTTCTGATGACTATGCAAAAGGTTTTGAGAGCA,TCAGGTTTCTGATGACTATGCAAAAGGTTTTGAGAGCA,genome1_contig3,3838,76,1
176,genome1_contig3:3876-9435|0,AGGAATATGATGTAAACTCTACCAGTAACAGCAATGGCCT,AGGAATATGATGTAAACTCTACCAGTAACAGCAATGGCCT,genome1_contig3,3876,80,1
177,genome1_contig3:3916-9471|0,TTACTATCAGGGAGATGATGCGTGGACACGAAATGA,TTACTATCAGGGAGATGATGCGTGGACACGAAATGA,genome1_contig3,3916,72,1
178,genome1_contig3:3952-9509|0,TGCCAACGCAAATATAAACGACCAAGATGTAATCACCC,TGCCAACGCAAATATAAACGACCAAGATGTAATCACCC,genome1_contig3,3952,76,1
179,genome1_contig3:3994-9549|0,AAAAGGAGCTTCAGGCTCTGTCAATCCTACAAATGC,AAAAGGAGCTTCAGGCTCTGTCAATCCTACAAATGC,genome1_contig3,3994,72,1
180,genome1_contig3:4045-9601|0,TTTTCAGGGCACATACTATTTGCCGGAGAGATACATC,TTTTCAGGGCACATACTATTTGCCGGAGAGATACATC,genome1_contig3,4045,74,1
181,genome1_contig3:4082-9637|0,GCCAATGCTTCCCAGCAGTCACGACTGGCTATTGAA,GCCAATGCTTCCCAGCAGTCACGACTGGCTATTGAA,genome1_contig3,4082,72,1
182,genome1_contig3:4156-9716|0,TCCATTAGGTCACAAGCAGAATGAAAGTTCTACTACAGAGC,TCCATTAGGTCACAAGCAGAATGAAAGTTCTACTACAGAGC,genome1_contig3,4156,82,1
183,genome1_contig3:4197-9752|0,TTCCAACCTTTCCTCGTGGCACCTACTACGAGATTA,TTCCAACCTTTCCTCGTGGCACCTACTACGAGATTA,genome1_contig3,4197,72,1
184,genome1_contig3:4233-9788|0,TCGGCAAGATCAAGAGTCTGGGAAACGCAACCCTCG,TCGGCAAGATCAAGAGTCTGGGAAACGCAACCCTCG,genome1_contig3,4233,72,1
185,genome1_contig3:4269-9824|0,ACTGTAATGTGAGCGTAAAGGACTGGACTCCTGTAA,ACTGTAATGTGAGCGTAAAGGACTGGACTCCTGTAA,genome1_contig3,4269,72,1
186,genome1_contig3:4305-9861|0,AGATAGATGCCGACTTCAACCATACTACATTGTGGGT,AGATAGATGCCGACTTCAACCATACTACATTGTGGGT,genome1_contig3,4305,74,1
187,genome1_contig3:4342-9897|0,AAGCAAGACGGAGGCTAATGTGACCTCTACGACAAA,AAGCAAGACGGAGGCTAATGTGACCTCTACGACAAA,genome1_contig3,4342,72,1
188,genome1_contig3:4433-9992|0,AAAATAGACTCAAAAGACATCATCAAAGGCATCAAACGCG,AAAATAGACTCAAAAGACATCATCAAAGGCATCAAACGCG,genome1_contig3,4433,80,1
189,genome1_contig3:4473-10029|0,GTAAAGACGCTAACGGCAATGATAGCATCGAGTTTCG,GTAAAGACGCTAACGGCAATGATAGCATCGAGTTTCG,genome1_contig3,4473,74,1
190,genome1_contig3:4514-10074|0,AATCCAGATATCCCTATTCGTGATTATGCAAAAGATCAGCG,AATCCAGATATCCCTATTCGTGATTATGCAAAAGATCAGCG,genome1_contig3,4514,82,1
191,genome1_contig3:4555-10110|0,AAAAGGCACTGCTAAGTTTTGGCTCAAGGCAAATAA,AAAAGGCACTGCTAAGTTTTGGCTCAAGGCAAATAA,genome1_contig3,4555,72,1
192,genome1_contig3:4693-10253|0,AAGAACCATAAAATGGGATACTAACCTTGGTGGTATTGTGC,AAGAACCATAAAATGGGATACTAACCTTGGTGGTATTGTGC,genome1_contig3,4693,82,1
193,genome1_contig3:4760-10320|0,AGCTCTATCATCAAAATGAGCGTAAATTCATCGGATGATGC,AGCTCTATCATCAAAATGAGCGTAAATTCATCGGATGATGC,genome1_contig3,4760,82,1
194,genome1_contig3:4801-10356|0,AACAGGAACGTTCACAGTTACAGCTAAGGAAGATCC,AACAGGAACGTTCACAGTTACAGCTAAGGAAGATCC,genome1_contig3,4801,72,1
195,genome1_contig3:4840-10400|0,AACAACCACCATTCATGAATTCAAGGTAACGTCAAAAGACG,AACAACCACCATTCATGAATTCAAGGTAACGTCAAAAGACG,genome1_contig3,4840,82,1
196,genome1_contig3:4881-10438|0,GCTCTAAGTCTCAGACTGTTCGTGTAACAGTTAGTCCT,GCTCTAAGTCTCAGACTGTTCGTGTAACAGTTAGTCCT,genome1_contig3,4881,76,1
197,genome1_contig3:4923-10483|0,TCGGTGATTATCGTATCTATTTCAGAGCGATTAATGACCGC,TCGGTGATTATCGTATCTATTTCAGAGCGATTAATGACCGC,genome1_contig3,4923,82,1
198,genome1_contig3:4973-10533|0,ACTGGAGGTAACAGTTCCGATAATTTCAAGGGAATCTTAGC,ACTGGAGGTAACAGTTCCGATAATTTCAAGGGAATCTTAGC,genome1_contig3,4973,82,1
199,genome1_contig3:5014-10569|0,AGAAGGAGGTACAAACAACTGGAGCGATGGATGGAA,AGAAGGAGGTACAAACAACTGGAGCGATGGATGGAA,genome1_contig3,5014,72,1
200,genome1_contig3:5050-10606|0,TGAGGATGCAAATGATAAAAGTGCCAAACCAGACAAC,TGAGGATGCAAATGATAAAAGTGCCAAACCAGACAAC,genome1_contig3,5050,74,1
201,genome1_contig3:5087-10647|0,CACCGCATCTATGTATATACCCAGATTGGTGAAACAGAAGA,CACCGCATCTATGTATATACCCAGATTGGTGAAACAGAAGA,genome1_contig3,5087,82,1
202,genome1_contig3:5152-10707|0,TTTTACGGAAGGGACCGATAGAAATGGATGGCCTGG,TTTTACGGAAGGGACCGATAGAAATGGATGGCCTGG,genome1_contig3,5152,72,1
203,genome1_contig3:5188-10743|0,AGATAAAATGGTGGCCGACGAGACTAACACCGGATG,AGATAAAATGGTGGCCGACGAGACTAACACCGGATG,genome1_contig3,5188,72,1
204,genome1_contig3:5224-10784|0,GTATTACAAAGACTTCGGTCAATATGCGCAGTCTGTATCAA,GTATTACAAAGACTTCGGTCAATATGCGCAGTCTGTATCAA,genome1_contig3,5224,82,1
205,genome1_contig3:5267-10826|0,ACAAATGGATCAGAAGGTAAAAGAACTATTACGCCAGGTG,ACAAATGGATCAGAAGGTAAAAGAACTATTACGCCAGGTG,genome1_contig3,5267,80,1
206,genome1_contig3:5341-10899|0,AGATCAAGGATATAGTTTACACCGCTGTCCTCATCATCT,AGATCAAGGATATAGTTTACACCGCTGTCCTCATCATCT,genome1_contig3,5341,78,1
207,genome1_contig3:5380-10935|0,AGAGCCAGGTATTCCTCTCTTCGATTATGAAGACCG,AGAGCCAGGTATTCCTCTCTTCGATTATGAAGACCG,genome1_contig3,5380,72,1
208,genome1_contig3:5416-10971|0,TGAAGGCTGGATTGTCTATGATCCTACATCCGACCC,TGAAGGCTGGATTGTCTATGATCCTACATCCGACCC,genome1_contig3,5416,72,1
209,genome1_contig3:5452-11012|0,TATATGGCGTGTACATGATGATATGCCTGAAATAGAGGACA,TATATGGCGTGTACATGATGATATGCCTGAAATAGAGGACA,genome1_contig3,5452,82,1
210,genome1_contig4:1-6876|0,AGCTCTTACAGATTTAAAGCCTTCAGGACGACGGGT,AGCTCTTACAGATTTAAAGCCTTCAGGACGACGGGT,genome1_contig4,1,72,1
211,genome1_contig4:37-6915|0,TAATGTTGGACGTGATTCTTCAGATCGAGGAGTAACTCC,TAATGTTGGACGTGATTCTTCAGATCGAGGAGTAACTCC,genome1_contig4,37,78,1
212,genome1_contig4:76-6954|0,TCGCGAAACACCTATTCTGGAAGATGATGTATAGGATGG,TCGCGAAACACCTATTCTGGAAGATGATGTATAGGATGG,genome1_contig4,76,78,1
213,genome1_contig4:115-6990|0,TTTTGGATCAGCAATGAACTGCGAAGCTACTGGCTT,TTTTGGATCAGCAATGAACTGCGAAGCTACTGGCTT,genome1_contig4,115,72,1
214,genome1_contig4:151-7026|0,AGCGTTCTGATAATCACGACCATAGCCTGATCGGTC,AGCGTTCTGATAATCACGACCATAGCCTGATCGGTC,genome1_contig4,151,72,1
215,genome1_contig4:197-7072|0,GGCATCCTTCCGCCATAGCCACCACCGAATGAAGAT,GGCATCCTTCCGCCATAGCCACCACCGAATGAAGAT,genome1_contig4,197,72,1
216,genome1_contig4:233-7108|0,TCAGGAGCCTCGTCACCACCCTCTATCAAACTGGCA,TCAGGAGCCTCGTCACCACCCTCTATCAAACTGGCA,genome1_contig4,233,72,1
217,genome1_contig4:269-7147|0,TCAATCTCATCGATGAATCGGCTCGGATTATCAAATTCC,TCAATCTCATCGATGAATCGGCTCGGATTATCAAATTCC,genome1_contig4,269,78,1
218,genome1_contig4:308-7183|0,ATCTTGCCATATCGGAAACGGTTCTTGGCATTGGTC,ATCTTGCCATATCGGAAACGGTTCTTGGCATTGGTC,genome1_contig4,308,72,1
219,genome1_contig4:344-7221|0,AGGATGCAATGCTTCTCGGCACGGGTAATCGCAACATA,AGGATGCAATGCTTCTCGGCACGGGTAATCGCAACATA,genome1_contig4,344,76,1
220,genome1_contig4:382-7257|0,AAGCAGACGACGCTCCTCTTCCAGTTCCCTGACAGA,AAGCAGACGACGCTCCTCTTCCAGTTCCCTGACAGA,genome1_contig4,382,72,1
221,genome1_contig4:418-7293|0,GATTGCAGCAAGCGGACTCGGGAAGATATTCTCCTC,GATTGCAGCAAGCGGACTCGGGAAGATATTCTCCTC,genome1_contig4,418,72,1
222,genome1_contig4:454-7330|0,CAAACCTACTACGAAAACAGTAGCAAACTCCAGACCC,CAAACCTACTACGAAAACAGTAGCAAACTCCAGACCC,genome1_contig4,454,74,1
223,genome1_contig4:491-7366|0,TTTGCCGCATGAATCGTCATGAGCGAAACTCTCGGT,TTTGCCGCATGAATCGTCATGAGCGAAACTCTCGGT,genome1_contig4,491,72,1
224,genome1_contig4:527-7402|0,TCATCCTTCTCTCCCTCACTATCCGCATCCGTCAGC,TCATCCTTCTCTCCCTCACTATCCGCATCCGTCAGC,genome1_contig4,527,72,1
225,genome1_contig4:563-7438|0,AGCGCCACATCCTGCAGATAATCGGTAAGATAGGCT,AGCGCCACATCCTGCAGATAATCGGTAAGATAGGCT,genome1_contig4,563,72,1
226,genome1_contig4:622-7497|0,GCGTCCTGCCACGAAGGTCTGCATACCACTCAGAAA,GCGTCCTGCCACGAAGGTCTGCATACCACTCAGAAA,genome1_contig4,622,72,1
227,genome1_contig4:662-7537|0,TCCAGGTTTTCCTGGCGAGCCAGATCATCGGCATTC,TCCAGGTTTTCCTGGCGAGCCAGATCATCGGCATTC,genome1_contig4,662,72,1
228,genome1_contig4:698-7573|0,TTGCCCGACATGATATCCTCGCTGATTCTACTCTCC,TTGCCCGACATGATATCCTCGCTGATTCTACTCTCC,genome1_contig4,698,72,1
229,genome1_contig4:734-7609|0,CTGATGATGGCATCACCCAGTTCATAGACATCCAGG,CTGATGATGGCATCACCCAGTTCATAGACATCCAGG,genome1_contig4,734,72,1
230,genome1_contig4:770-7645|0,GTATGCGAACGGTCGATGAAGGAAGAGATGAGCAGG,GTATGCGAACGGTCGATGAAGGAAGAGATGAGCAGG,genome1_contig4,770,72,1
231,genome1_contig4:806-7681|0,CGGAAATTCTCGAGTTTGGTCTGCGCACCCTTGTTG,CGGAAATTCTCGAGTTTGGTCTGCGCACCCTTGTTG,genome1_contig4,806,72,1
232,genome1_contig4:847-7727|0,CAGTCCGTAATGTTCTATATTACCTATCACCTCCCAGAAGC,CAGTCCGTAATGTTCTATATTACCTATCACCTCCCAGAAGC,genome1_contig4,847,82,1
233,genome1_contig4:888-7763|0,TCACCTGGTTCTGATGGGCACAATCGGCAATCTTCG,TCACCTGGTTCTGATGGGCACAATCGGCAATCTTCG,genome1_contig4,888,72,1
234,genome1_contig4:928-7803|0,GGTGGTAGCACCGATGCCACGAGCCGGATAATTGAT,GGTGGTAGCACCGATGCCACGAGCCGGATAATTGAT,genome1_contig4,928,72,1
235,genome1_contig4:964-7839|0,GATACGTTTGAAAGCCTCCTCATCGTCCGGGTTGGC,GATACGTTTGAAAGCCTCCTCATCGTCCGGGTTGGC,genome1_contig4,964,72,1
236,genome1_contig4:1000-7876|0,AACGAGACGGAAATAGGCGATGATATCCTTGATTTCC,AACGAGACGGAAATAGGCGATGATATCCTTGATTTCC,genome1_contig4,1000,74,1
237,genome1_contig4:1038-7918|0,TACGCTGATAGAAACTCAATCCACCGTAAATACGATATGGG,TACGCTGATAGAAACTCAATCCACCGTAAATACGATATGGG,genome1_contig4,1038,82,1
238,genome1_contig4:1079-7954|0,ATGCCCTGCTTTCTGAATTCCTCCTCGAAGCTTCGG,ATGCCCTGCTTTCTGAATTCCTCCTCGAAGCTTCGG,genome1_contig4,1079,72,1
239,genome1_contig4:1115-7990|0,CTCTGGGCATTGGTACGATAGAGAATGGCAAATTGA,CTCTGGGCATTGGTACGATAGAGAATGGCAAATTGA,genome1_contig4,1115,72,1
240,genome1_contig4:1153-8029|0,GTATCCGCAATCATCCCGCTGCTTGATGCGCTGGATA,GTATCCGCAATCATCCCGCTGCTTGATGCGCTGGATA,genome1_contig4,1153,74,1
241,genome1_contig4:1190-8065|0,TTCTTCGCCACTATCAGAGCCTCCTCCTTGTCGCTG,TTCTTCGCCACTATCAGAGCCTCCTCCTTGTCGCTG,genome1_contig4,1190,72,1
242,genome1_contig4:1263-8138|0,TTTTGCTGAACACCTCTTTCTGAATCTGATTGCGGT,TTTTGCTGAACACCTCTTTCTGAATCTGATTGCGGT,genome1_contig4,1263,72,1
243,genome1_contig4:1299-8174|0,TATGATGAATCAGACTGTTAGCAGCCTCCACGATCG,TATGATGAATCAGACTGTTAGCAGCCTCCACGATCG,genome1_contig4,1299,72,1
244,genome1_contig4:1335-8214|0,TTTGAGTTGACCGGTAGTTCTGTTCCAGTTTAAAGAGTTG,TTTGAGTTGACCGGTAGTTCTGTTCCAGTTTAAAGAGTTG,genome1_contig4,1335,80,1
245,genome1_contig4:1402-8282|0,CAATATATTGTCGATATTGGCACCACGGAAGCTATAGATGC,CAATATATTGTCGATATTGGCACCACGGAAGCTATAGATGC,genome1_contig4,1402,82,1
246,genome1_contig4:1443-8318|0,TCTGCGAATCATCACCTACGGCACAGACACGCAGTT,TCTGCGAATCATCACCTACGGCACAGACACGCAGTT,genome1_contig4,1443,72,1
247,genome1_contig4:1479-8354|0,TTTCCTTACAGAGCTGCATCACGATAGACATCTGCA,TTTCCTTACAGAGCTGCATCACGATAGACATCTGCA,genome1_contig4,1479,72,1
248,genome1_contig4:1522-8402|0,TGTATCCTGATACTCATCCACCAGGATATAATCGAACCTGC,TGTATCCTGATACTCATCCACCAGGATATAATCGAACCTGC,genome1_contig4,1522,82,1
249,genome1_contig4:1563-8438|0,CGGCATACTTCTGTCTGATTTCCTCGTGATCTCTGA,CGGCATACTTCTGTCTGATTTCCTCGTGATCTCTGA,genome1_contig4,1563,72,1
250,genome1_contig4:1599-8476|0,AAAGCTGGAAAGTAAGCATCAGGAGATCATCAAAGTCC,AAAGCTGGAAAGTAAGCATCAGGAGATCATCAAAGTCC,genome1_contig4,1599,76,1
251,genome1_contig4:1646-8521|0,GCCTGACGGCAACGCTGCACGTATGCCACATAAATC,GCCTGACGGCAACGCTGCACGTATGCCACATAAATC,genome1_contig4,1646,72,1
252,genome1_contig4:1708-8583|0,CTTGTTCTGCTCCAGGATGGCAGGGTCGCTATCGTA,CTTGTTCTGCTCCAGGATGGCAGGGTCGCTATCGTA,genome1_contig4,1708,72,1
253,genome1_contig4:1744-8619|0,GGCTTCAGCAGTTACCAGGTTGTTCTTCGCCATCGA,GGCTTCAGCAGTTACCAGGTTGTTCTTCGCCATCGA,genome1_contig4,1744,72,1
254,genome1_contig4:1786-8661|0,GGCATGAACGGCAGCAGGCTTATAGGCCTTGTCATC,GGCATGAACGGCAGCAGGCTTATAGGCCTTGTCATC,genome1_contig4,1786,72,1
255,genome1_contig4:1822-8697|0,CAGTCCCATCTCCTTGATGATCGCCTTCAGCAGTGA,CAGTCCCATCTCCTTGATGATCGCCTTCAGCAGTGA,genome1_contig4,1822,72,1
256,genome1_contig4:1880-8760|0,ATGGTAAAGTTATTATTGAAACCGATATGCTCAGCTTCGGC,ATGGTAAAGTTATTATTGAAACCGATATGCTCAGCTTCGGC,genome1_contig4,1880,82,1
257,genome1_contig4:1921-8796|0,ACGGAGAATACGGGAGAAGATGCTATGGAAGGTACC,ACGGAGAATACGGGAGAAGATGCTATGGAAGGTACC,genome1_contig4,1921,72,1
258,genome1_contig4:1957-8832|0,CATATAGAGATGCTGGGCGAGGTCATCACCCACCAG,CATATAGAGATGCTGGGCGAGGTCATCACCCACCAG,genome1_contig4,1957,72,1
259,genome1_contig4:1993-8868|0,TTTTCCGATACGTTCCTTCATCTCCCTTGCCGCCTT,TTTTCCGATACGTTCCTTCATCTCCCTTGCCGCCTT,genome1_contig4,1993,72,1
260,genome1_contig4:2029-8904|0,ATTGGTAAAGGTAAGTGCCATGATGCTCCAAGGCTT,ATTGGTAAAGGTAAGTGCCATGATGCTCCAAGGCTT,genome1_contig4,2029,72,1
261,genome1_contig4:2065-8940|0,CATGCCCAGGCTCAGGAGATAAGCAATCTTATAGGT,CATGCCCAGGCTCAGGAGATAAGCAATCTTATAGGT,genome1_contig4,2065,72,1
262,genome1_contig4:2065-8940|0,CATGCCCAGGCTCAGGAGATAAGCAATCTTATAGGT,NATGCCCAGGCTCAGGAGATAAGCAATCTTATAGGT,genome2_contig3,421,70,1
263,genome1_contig4:2124-9000|0,CAGCACCGGCAATCACCAGCGAAGGTCCGTCAATATA,CAGCACCGGCAATCACCAGCGAAGGTCCGTCAATATA,genome1_contig4,2124,74,1
264,genome1_contig4:2163-9041|0,CTACCGCAGCACGCTGCGCATCATTCAAGTCGTTCAATA,CTACCGCAGCACGCTGCGCATCATTCAAGTCGTTCAATA,genome1_contig4,2163,78,1
265,genome1_contig4:2274-9149|0,CCCCTATATCCTCCTACAGCCGTGCTTGGGTCGTAG,CCCCTATATCCTCCTACAGCCGTGCTTGGGTCGTAG,genome1_contig4,2274,72,1
266,genome1_contig4:2310-9185|0,TCTTCACCCTCACGAGGGAAGTAAGGGATGAATTTC,TCTTCACCCTCACGAGGGAAGTAAGGGATGAATTTC,genome1_contig4,2310,72,1
267,genome1_contig4:2346-9221|0,ATCTGATGTTCAATCTGTCGCTGGCGCTTCTTCATA,ATCTGATGTTCAATCTGTCGCTGGCGCTTCTTCATA,genome1_contig4,2346,72,1
268,genome1_contig4:2382-9257|0,TAAGCACTCGGATACAGGGAACTGAACTTTCTAGGA,TAAGCACTCGGATACAGGGAACTGAACTTTCTAGGA,genome1_contig4,2382,72,1
269,genome1_contig4:2443-9318|0,CACACTCGCCACGGAAGAGATCCTGCGCTTTCTTGT,CACACTCGCCACGGAAGAGATCCTGCGCTTTCTTGT,genome1_contig4,2443,72,1
270,genome1_contig4:2479-9354|0,TGAAATGATACTCAGCCACGGCATCGACACCATAGA,TGAAATGATACTCAGCCACGGCATCGACACCATAGA,genome1_contig4,2479,72,1
271,genome1_contig4:2515-9390|0,TACCCGGTCCCATCTCGATACTGTTGAGATAGACTT,TACCCGGTCCCATCTCGATACTGTTGAGATAGACTT,genome1_contig4,2515,72,1
272,genome1_contig4:2551-9426|0,CCATGATACGCTGCTTGCTCCACATCATTTCAATGA,CCATGATACGCTGCTTGCTCCACATCATTTCAATGA,genome1_contig4,2551,72,1
273,genome1_contig4:2587-9462|0,GAAAGGTGAAATACACCTCAAATCCCTTGCGGGTCC,GAAAGGTGAAATACACCTCAAATCCCTTGCGGGTCC,genome1_contig4,2587,72,1
274,genome1_contig4:2634-9509|0,GGCCAGAGGAATACGTTCTTGGCGGTCTGCTGACTG,GGCCAGAGGAATACGTTCTTGGCGGTCTGCTGACTG,genome1_contig4,2634,72,1
275,genome1_contig4:2679-9554|0,GCACCATGCACCTTACCGCCACGGGCATTATTCTTG,GCACCATGCACCTTACCGCCACGGGCATTATTCTTG,genome1_contig4,2679,72,1
276,genome1_contig4:2715-9590|0,GCAGCACTCTCGATGGCATTGAAGTCGAAACCATGA,GCAGCACTCTCGATGGCATTGAAGTCGAAACCATGA,genome1_contig4,2715,72,1
277,genome1_contig4:2778-9654|0,GCCATCACCGCCACAGGCATGTGAGGGGAAATCTTAT,GCCATCACCGCCACAGGCATGTGAGGGGAAATCTTAT,genome1_contig4,2778,74,1
278,genome1_contig4:2815-9694|0,CCATCGAAACCCAATGATGATGCAAGGTAATACTTTCACC,CCATCGAAACCCAATGATGATGCAAGGTAATACTTTCACC,genome1_contig4,2815,80,1
279,genome1_contig4:2855-9730|0,ATCAGCCACTTGCTGAAAACAGCGGATAATCATCAA,ATCAGCCACTTGCTGAAAACAGCGGATAATCATCAA,genome1_contig4,2855,72,1
280,genome1_contig4:2891-9770|0,CGGAGTAACATATACCGGAATAAAACGGTAGGCTACTACA,CGGAGTAACATATACCGGAATAAAACGGTAGGCTACTACA,genome1_contig4,2891,80,1
281,genome1_contig4:2950-9825|0,AAAACAGCACCACCACCCATCTTACGATATTTCTGA,AAAACAGCACCACCACCCATCTTACGATATTTCTGA,genome1_contig4,2950,72,1
282,genome1_contig4:3028-9908|0,TCTGATTCGTTATTTACTTCAATGTACCATTGTTGGCAGCA,TCTGATTCGTTATTTACTTCAATGTACCATTGTTGGCAGCA,genome1_contig4,3028,82,1
283,genome1_contig4:3069-9944|0,TTCACCATTGCCTGGCTAGCATACATGTAAACCTCT,TTCACCATTGCCTGGCTAGCATACATGTAAACCTCT,genome1_contig4,3069,72,1
284,genome1_contig4:3111-9986|0,CGGTTCTGAGCGCAGGCTGCAGTAGTATTCACCACA,CGGTTCTGAGCGCAGGCTGCAGTAGTATTCACCACA,genome1_contig4,3111,72,1
285,genome1_contig4:3147-10022|0,GGATTAGCTGAACCCAAGCCCTCTACACTCTTGATC,GGATTAGCTGAACCCAAGCCCTCTACACTCTTGATC,genome1_contig4,3147,72,1
286,genome1_contig4:3183-10058|0,TGGCTGCTGGTAACACCGCATGACTTCAAGTAGGTA,TGGCTGCTGGTAACACCGCATGACTTCAAGTAGGTA,genome1_contig4,3183,72,1
287,genome1_contig4:3219-10094|0,GAAACGGCATTGGCACGATTCTGGCTCAAAGGCAGG,GAAACGGCATTGGCACGATTCTGGCTCAAAGGCAGG,genome1_contig4,3219,72,1
288,genome1_contig4:3255-10130|0,TTGATGCCATCATTACCTGTAGCATCGGTATAACCC,TTGATGCCATCATTACCTGTAGCATCGGTATAACCC,genome1_contig4,3255,72,1
289,genome1_contig4:3291-10166|0,TGGATAGCTACCTCGCAGTCGGCATTGTTCTTCAAA,TGGATAGCTACCTCGCAGTCGGCATTGTTCTTCAAA,genome1_contig4,3291,72,1
290,genome1_contig4:3327-10202|0,ACCTGGGCAAACTGAGCCAAGTCGTTCTTAGCGCTT,ACCTGGGCAAACTGAGCCAAGTCGTTCTTAGCGCTT,genome1_contig4,3327,72,1
291,genome1_contig4:3363-10238|0,GCATTGAGCGCATATTTGTTGGTCTGGAAGAGGATA,GCATTGAGCGCATATTTGTTGGTCTGGAAGAGGATA,genome1_contig4,3363,72,1
292,genome1_contig4:3399-10274|0,CCAGAATCGAAGGTTACCTTAACAGCTGTCAAACCA,CCAGAATCGAAGGTTACCTTAACAGCTGTCAAACCA,genome1_contig4,3399,72,1
293,genome1_contig4:3435-10310|0,TTGGCATCTGTAACGGTAGAAACCTGCGCATTCTTC,TTGGCATCTGTAACGGTAGAAACCTGCGCATTCTTC,genome1_contig4,3435,72,1
294,genome1_contig4:3471-10346|0,ACAGCCTCTGCCTCAGCCTTTACCTTATCCATGTGC,ACAGCCTCTGCCTCAGCCTTTACCTTATCCATGTGC,genome1_contig4,3471,72,1
295,genome1_contig4:3507-10382|0,TTTCCAATCAAGTTACCCGCTGTACCACCAACAGCA,TTTCCAATCAAGTTACCCGCTGTACCACCAACAGCA,genome1_contig4,3507,72,1
296,genome1_contig4:3544-10419|0,CACCGATGGCAGCACCTACTACTGCACCTGTACCAC,CACCGATGGCAGCACCTACTACTGCACCTGTACCAC,genome1_contig4,3544,72,1
297,genome1_contig4:3580-10455|0,GATGGCTGTTATTGAGCAAACCACCAACCAAAGCAC,GATGGCTGTTATTGAGCAAACCACCAACCAAAGCAC,genome1_contig4,3580,72,1
298,genome1_contig4:3629-10505|0,AGCACCTGCACCAGCAGCAGTACCAGTCTTCTGACTA,AGCACCTGCACCAGCAGCAGTACCAGTCTTCTGACTA,genome1_contig4,3629,74,1
299,genome1_contig4:3666-10541|0,GTTCCACAACTTCCCAAAACGAGCAGCATTGAGAGC,GTTCCACAACTTCCCAAAACGAGCAGCATTGAGAGC,genome1_contig4,3666,72,1
300,genome1_contig4:3817-10696|0,AATTTTGCATGCAAATTTAAGGGTATTTGTCCAAATGGCG,AATTTTGCATGCAAATTTAAGGGTATTTGTCCAAATGGCG,genome1_contig4,3817,80,1
301,genome1_contig4:3857-10732|0,AAAGGAAATCGCCTATTTCGGGGCGGAAATTCCCTA,AAAGGAAATCGCCTATTTCGGGGCGGAAATTCCCTA,genome1_contig4,3857,72,1
302,genome1_contig4:3893-10768|0,TTGGGCGTGTTTTCACGCTCAAGATATGTCGTGTTT,TTGGGCGTGTTTTCACGCTCAAGATATGTCGTGTTT,genome1_contig4,3893,72,1
303,genome1_contig4:3978-10858|0,AATATGGCTAAAGAACTTAAGAATTTAACCAAGCGCGCTGA,AATATGGCTAAAGAACTTAAGAATTTAACCAAGCGCGCTGA,genome1_contig4,3978,82,1
304,genome1_contig4:4019-10899|0,CAACTACAGTCAGTGGTACAATGATTTGGTAGTAAAGGCTG,CAACTACAGTCAGTGGTACAATGATTTGGTAGTAAAGGCTG,genome1_contig4,4019,82,1
305,genome1_contig4:4060-10935|0,ACCTCGCAGAGTTGTCACCAGTTCGTGGTTGTATGA,ACCTCGCAGAGTTGTCACCAGTTCGTGGTTGTATGA,genome1_contig4,4060,72,1
306,genome1_contig4:4096-10973|0,TTATCAAACCATACGGCTACGCTATCTGGGAAAAGATG,TTATCAAACCATACGGCTACGCTATCTGGGAAAAGATG,genome1_contig4,4096,76,1
307,genome1_contig4:4134-11009|0,CAGCAGCAGCTCGACAAGATGTTTAAGCAGACAGGT,CAGCAGCAGCTCGACAAGATGTTTAAGCAGACAGGT,genome1_contig4,4134,72,1
308,genome1_contig4:4170-11045|0,GTACAGAACGCATACTTCCCTCTCCTCATCCCGAAG,GTACAGAACGCATACTTCCCTCTCCTCATCCCGAAG,genome1_contig4,4170,72,1
309,genome1_contig4:4208-11083|0,CTTCTTCTCTCGTGAGGCTGAGCACGTGGCAGGTTT,CTTCTTCTCTCGTGAGGCTGAGCACGTGGCAGGTTT,genome1_contig4,4208,72,1
310,genome1_contig4:4244-11119|0,CGCCAAGGAGTGTGCTGTGGTTACTCACTATCGTCT,CGCCAAGGAGTGTGCTGTGGTTACTCACTATCGTCT,genome1_contig4,4244,72,1
311,genome1_contig4:4280-11155|0,TCGTTCTACAGAGGATGGCACAGAGGTTGAGGTGGA,TCGTTCTACAGAGGATGGCACAGAGGTTGAGGTGGA,genome1_contig4,4280,72,1
312,genome1_contig4:4316-11191|0,TCCTAATGCCAAGCTCGATGAGGAGCTGATCATCCG,TCCTAATGCCAAGCTCGATGAGGAGCTGATCATCCG,genome1_contig4,4316,72,1
313,genome1_contig4:4352-11232|0,CCCTACTTCAGAGACCATCATCTGGAACACATATAAGAACT,CCCTACTTCAGAGACCATCATCTGGAACACATATAAGAACT,genome1_contig4,4352,82,1
314,genome1_contig4:4393-11268|0,GGATCCATTCATGGCGTGATCTCCCTATCCTCTGCA,GGATCCATTCATGGCGTGATCTCCCTATCCTCTGCA,genome1_contig4,4393,72,1
315,genome1_contig4:4429-11304|0,ACCAGTGGTGTAACGTGATGCGTTGGGAGATGCGTA,ACCAGTGGTGTAACGTGATGCGTTGGGAGATGCGTA,genome1_contig4,4429,72,1
316,genome1_contig4:4465-11340|0,CCCGTCCATTCCTCCGTACTTCTGAGTTCCTCTGGC,CCCGTCCATTCCTCCGTACTTCTGAGTTCCTCTGGC,genome1_contig4,4465,72,1
317,genome1_contig4:4506-11381|0,GGGCATACCGCTCATGCTACCAAGGAAGAGGCTGAG,GGGCATACCGCTCATGCTACCAAGGAAGAGGCTGAG,genome1_contig4,4506,72,1
318,genome1_contig4:4542-11417|0,GCAAAGGCTCAGGAGATGCTGAAGGTTTATGCTGAG,GCAAAGGCTCAGGAGATGCTGAAGGTTTATGCTGAG,genome1_contig4,4542,72,1
319,genome1_contig4:4578-11454|0,TTCGCTGAGAAGTATATGGGTGTACCTGTATTGCAGG,TTCGCTGAGAAGTATATGGGTGTACCTGTATTGCAGG,genome1_contig4,4578,74,1
320,genome1_contig4:4618-11496|0,TGAAGAGTGAGACTGAGCGTTTCGCCGGTGCCTTGAATA,TGAAGAGTGAGACTGAGCGTTTCGCCGGTGCCTTGAATA,genome1_contig4,4618,78,1
321,genome1_contig4:4657-11532|0,CTTATACCATCGAGGCGATGATGCAGGATGGCAAGG,CTTATACCATCGAGGCGATGATGCAGGATGGCAAGG,genome1_contig4,4657,72,1
322,genome1_contig4:4693-11568|0,CTCTCCAGAGCGGTACTTCTCACTTCCTGGGTCAGA,CTCTCCAGAGCGGTACTTCTCACTTCCTGGGTCAGA,genome1_contig4,4693,72,1
323,genome1_contig4:4729-11604|0,ACTTCGCCAAGAGCTTCGACGTTACCTATCTGAACA,ACTTCGCCAAGAGCTTCGACGTTACCTATCTGAACA,genome1_contig4,4729,72,1
324,genome1_contig4:4765-11640|0,AGGAGAACAAGCCTGAGTATGTATGGGCTACTTCTT,AGGAGAACAAGCCTGAGTATGTATGGGCTACTTCTT,genome1_contig4,4765,72,1
325,genome1_contig4:4802-11677|0,GGGTGTTTCTACCCGACTGATGGGTGCCCTCATCAT,GGGTGTTTCTACCCGACTGATGGGTGCCCTCATCAT,genome1_contig4,4802,72,1
326,genome1_contig4:4838-11713|0,GGTTCACAGCGATGACAACGGTCTGGTATTGCCTCC,GGTTCACAGCGATGACAACGGTCTGGTATTGCCTCC,genome1_contig4,4838,72,1
327,genome1_contig4:4874-11749|0,AAAGCTGGCTCCTATCCAGGTGGTTATCATTCCTAT,AAAGCTGGCTCCTATCCAGGTGGTTATCATTCCTAT,genome1_contig4,4874,72,1
328,genome1_contig4:4910-11785|0,CAACAAGGGCGAGGAGCAGTTGGCTCAGATTACTGC,CAACAAGGGCGAGGAGCAGTTGGCTCAGATTACTGC,genome1_contig4,4910,72,1
329,genome1_contig4:4968-11843|0,CAGCTCCGCGAGTTGGGCATCAGCGTGAAGTATGAT,CAGCTCCGCGAGTTGGGCATCAGCGTGAAGTATGAT,genome1_contig4,4968,72,1
330,genome1_contig4:5004-11879|0,GACAACACAGCTAAGCGTCCTGGCTTCAAGTTTGCT,GACAACACAGCTAAGCGTCCTGGCTTCAAGTTTGCT,genome1_contig4,5004,72,1
331,genome1_contig4:5040-11915|0,GACTACGAGTTGAAGGGTGTACCTGTTCGTCTCGCA,GACTACGAGTTGAAGGGTGTACCTGTTCGTCTCGCA,genome1_contig4,5040,72,1
332,genome1_contig4:5076-11951|0,ATGGGTGGCCGTGACTTGGAGAACAACACCATCGAG,ATGGGTGGCCGTGACTTGGAGAACAACACCATCGAG,genome1_contig4,5076,72,1
333,genome1_contig4:5112-11990|0,ATCATGCGTCGTGATACTTTGGAGAAGGAGAATGTAAGC,ATCATGCGTCGTGATACTTTGGAGAAGGAGAATGTAAGC,genome1_contig4,5112,78,1
334,genome1_contig4:5151-12026|0,TTCGACGGCATCGTAGAGCGCGTGAAGGATATGTTG,TTCGACGGCATCGTAGAGCGCGTGAAGGATATGTTG,genome1_contig4,5151,72,1
335,genome1_contig4:5187-12062|0,GAAGACATCCAGAAGAACATCTTCGAGAAGGCTCGT,GAAGACATCCAGAAGAACATCTTCGAGAAGGCTCGT,genome1_contig4,5187,72,1
336,genome1_contig4:5223-12098|0,GCTTACCGTGATGCTCACGTATATGAGTGCGATAAC,GCTTACCGTGATGCTCACGTATATGAGTGCGATAAC,genome1_contig4,5223,72,1
337,genome1_contig4:5259-12134|0,TACGAGGAGTTCAAGGAGCGTGTAAAGAATGGCGGT,TACGAGGAGTTCAAGGAGCGTGTAAAGAATGGCGGT,genome1_contig4,5259,72,1
338,genome1_contig4:5313-12188|0,GACGGTACAGCCGAGACCGAGGCAAAGATCAAGGAG,GACGGTACAGCCGAGACCGAGGCAAAGATCAAGGAG,genome1_contig4,5313,72,1
339,genome1_contig4:5349-12224|0,GAGACTCAGGCTACCATCCGTTGCGTACCATTCGCT,GAGACTCAGGCTACCATCCGTTGCGTACCATTCGCT,genome1_contig4,5349,72,1
340,genome1_contig4:5385-12260|0,TACGAGCAGACTCCAGGTGTTGATATGGTGAGCGGC,TACGAGCAGACTCCAGGTGTTGATATGGTGAGCGGC,genome1_contig4,5385,72,1
341,genome1_contig4:5421-12296|0,AAGCCTGCCGTAGCTCGCGTTATCATCGCAAGAAGT,AAGCCTGCCGTAGCTCGCGTTATCATCGCAAGAAGT,genome1_contig4,5421,72,1
342,genome1_contig4:5472-12347|0,AAAACGGTGTCGGGAGATTCCCGGCACCATCAAATA,AAAACGGTGTCGGGAGATTCCCGGCACCATCAAATA,genome1_contig4,5472,72,1
343,genome1_contig4:5540-12415|0,TTTTCTGATGTCCATGGTCTTCTCAGGCTATGGAGA,TTTTCTGATGTCCATGGTCTTCTCAGGCTATGGAGA,genome1_contig4,5540,72,1
344,genome1_contig4:5594-12474|0,TTCTTTATCTCATCAGGATTCTTTAGCTGTTGAAGCTGCTG,TTCTTTATCTCATCAGGATTCTTTAGCTGTTGAAGCTGCTG,genome1_contig4,5594,82,1
345,genome1_contig4:5635-12510|0,ATGCTACGCAACAGAAAGAGGGAGCATACGCAACAG,ATGCTACGCAACAGAAAGAGGGAGCATACGCAACAG,genome1_contig4,5635,72,1
346,genome1_contig4:5671-12546|0,AAGCCAGCCATACGAAGGATAGACTTGCCAAAGTTA,AAGCCAGCCATACGAAGGATAGACTTGCCAAAGTTA,genome1_contig4,5671,72,1
347,genome1_contig4:5733-12608|0,CAGCTGGAAGATGCATCCAATGCCGCCTATCGGGTA,CAGCTGGAAGATGCATCCAATGCCGCCTATCGGGTA,genome1_contig4,5733,72,1
348,genome1_contig4:5770-12650|0,GCAGCAGTCGTCCACAGCGTTTATTGCCAAGTGGCAATATA,GCAGCAGTCGTCCACAGCGTTTATTGCCAAGTGGCAATATA,genome1_contig4,5770,82,1
349,genome1_contig4:5811-12686|0,TATGGCAACCCATCTGCAAGCAGTAGATTGCTAACC,TATGGCAACCCATCTGCAAGCAGTAGATTGCTAACC,genome1_contig4,5811,72,1
350,genome1_contig4:5861-12741|0,TTTATCATCCCTTTTATCAGTCATAGAAGGTGCGAAGGAGC,TTTATCATCCCTTTTATCAGTCATAGAAGGTGCGAAGGAGC,genome1_contig4,5861,82,1
351,genome1_contig4:5902-12777|0,CTTTCCGTCAGGAAACCGCCCCTATCCACTTTGATG,CTTTCCGTCAGGAAACCGCCCCTATCCACTTTGATG,genome1_contig4,5902,72,1
352,genome1_contig4:5938-12813|0,TCGCCAGCAAGTATTATGTCATTTGCCTGCGGCATC,TCGCCAGCAAGTATTATGTCATTTGCCTGCGGCATC,genome1_contig4,5938,72,1
353,genome1_contig4:6000-12880|0,ATTATAAGGTGTAAGCATTCCCAGTAGAGAAGGCTTACAGC,ATTATAAGGTGTAAGCATTCCCAGTAGAGAAGGCTTACAGC,genome1_contig4,6000,82,1
354,genome1_contig4:6041-12917|0,ATAGTTATGTCTGCAAGGCTCATTGAAGCATTGCAGA,ATAGTTATGTCTGCAAGGCTCATTGAAGCATTGCAGA,genome1_contig4,6041,74,1
355,genome1_contig4:6149-13029|0,GATTAATCATTTAGATATGGGTGCGGAAGTATTGGCACTCG,GATTAATCATTTAGATATGGGTGCGGAAGTATTGGCACTCG,genome1_contig4,6149,82,1
356,genome1_contig4:6190-13065|0,ACGATGTACAGGTAAAGAAGGGTTTCATGGGTTTGA,ACGATGTACAGGTAAAGAAGGGTTTCATGGGTTTGA,genome1_contig4,6190,72,1
357,genome1_contig4:6226-13104|0,CCATCAAGTTGATCTACAAACCAACCAACAGTGCTATCA,CCATCAAGTTGATCTACAAACCAACCAACAGTGCTATCA,genome1_contig4,6226,78,1
358,genome1_contig4:6265-13140|0,AGATCAAGGAGAAGGAATATTCAGCAGAGGATGGCA,AGATCAAGGAGAAGGAATATTCAGCAGAGGATGGCA,genome1_contig4,6265,72,1
359,genome1_contig4:6301-13176|0,AGAAGCTCCTCAACATCCTTAACTCTGCCCCTAGCG,AGAAGCTCCTCAACATCCTTAACTCTGCCCCTAGCG,genome1_contig4,6301,72,1
360,genome1_contig4:6337-13217|0,AGGTAGAATCTTCTATAAAGAAGTTCCCGGTATCAGCCATC,AGGTAGAATCTTCTATAAAGAAGTTCCCGGTATCAGCCATC,genome1_contig4,6337,82,1
361,genome1_contig4:6378-13253|0,AGCATGGGTAATATGAAGCTGCAGGCGTGCCTCTCT,AGCATGGGTAATATGAAGCTGCAGGCGTGCCTCTCT,genome1_contig4,6378,72,1
362,genome1_contig4:6416-13291|0,CGACCATCAGTTTGTAGCCACCCAGCTCCTTGCCTT,CGACCATCAGTTTGTAGCCACCCAGCTCCTTGCCTT,genome1_contig4,6416,72,1
363,genome1_contig4:6452-13327|0,CAAGGATTTCGGCTACCAGCCAGTTACAGAGATGGT,CAAGGATTTCGGCTACCAGCCAGTTACAGAGATGGT,genome1_contig4,6452,72,1
364,genome1_contig4:6491-13366|0,CTATACAGGCAAGACAGCCGAGGCTTTCGCCCAACT,CTATACAGGCAAGACAGCCGAGGCTTTCGCCCAACT,genome1_contig4,6491,72,1
365,genome1_contig4:6535-13414|0,ATCCAACTGGTATCATATAAATTAAAAGGGTGCGTCACGG,ATCCAACTGGTATCATATAAATTAAAAGGGTGCGTCACGG,genome1_contig4,6535,80,1
366,genome1_contig4:6633-13513|0,ATGATTAGAATCCCCACTTTTCCTTAACCGTATTCGGATCA,ATGATTAGAATCCCCACTTTTCCTTAACCGTATTCGGATCA,genome1_contig4,6633,82,1
367,genome1_contig4:6679-13559|0,AGCATTTTCTATGCTTCTCTCAATATCATCCGGAAGATTGC,AGCATTTTCTATGCTTCTCTCAATATCATCCGGAAGATTGC,genome1_contig4,6679,82,1
368,genome1_contig4:6679-13559|0,AGCATTTTCTATGCTTCTCTCAATATCATCCGGAAGATTGC,NNNNNNNNNNATGCTTCTCTCAATATCATCCGGAAGATTGC,genome2_contig2,5580,62,1
369,genome1_contig4:6720-13595|0,AGAAGAAATCGAGACCTGTGAGTTCCTCCAGTTTCT,AGAAGAAATCGAGACCTGTGAGTTCCTCCAGTTTCT,genome1_contig4,6720,72,1
370,genome1_contig4:6756-13631|0,TGATATTGACCACATGGCCCTTCACCTTTTCAGATG,TGATATTGACCACATGGCCCTTCACCTTTTCAGATG,genome1_contig4,6756,72,1
371,genome1_contig4:6792-13667|0,AACCGTAAGCGCTGTGGCGGAACCAGAAACCGATAG,AACCGTAAGCGCTGTGGCGGAACCAGAAACCGATAG,genome1_contig4,6792,72,1
