probe_ID,parent,derived,align_chr,align_start,bowtie,on_target,parent_gc,derived_gc,parent_len,derived_len,parent_AA,derived_AA,parent_AT,derived_AT,parent_AG,derived_AG,parent_AC,derived_AC,parent_TA,derived_TA,parent_TT,derived_TT,parent_TG,derived_TG,parent_TC,derived_TC,parent_GA,derived_GA,parent_GT,derived_GT,parent_GG,derived_GG,parent_GC,derived_GC,parent_CA,derived_CA,parent_CT,derived_CT,parent_CG,derived_CG,parent_CC,derived_CC,duplex_pred
0,genome1_contig1:1-2197|0,GTTGTGTTGAGAGTGGTGTGAGTGGAACTATCATTCC,GGAATGATAGTTCCACTCACACCACTCTCAACACAAC,genome1_contig1,1,74,1,45.945945945945944,45.945945945945944,37,37,1,3,2,2,3,1,1,7,1,1,3,1,7,1,2,4,4,2,7,1,2,1,0,0,1,7,1,3,0,0,1,2,100.0
1,genome1_contig1:61-2261|0,TGAAAGTGGTAAAGCCTATTGCTGACAGATATGATATCCGC,GCGGATATCATATCTGTCAGCAATAGGCTTTACCACTTTCA,genome1_contig1,61,82,1,41.46341463414634,41.46341463414634,41,41,2,1,5,5,3,2,1,2,4,4,1,2,5,1,1,4,4,1,2,1,1,2,3,3,1,5,2,3,1,1,2,1,100.0
2,genome1_contig1:102-2299|0,GTCATCATGATGATTACTCCAGAGACAAGTGAGGAGCG,CGCTCCTCACTTGTCTCTGGAGTAATCATCATGATGAC,genome1_contig1,102,76,1,47.36842105263158,47.36842105263158,38,38,1,1,4,4,5,1,2,2,1,1,1,1,3,4,3,6,6,3,2,2,1,1,1,1,4,3,1,5,1,1,1,1,99.016655
3,genome1_contig1:148-2348|0,TCATCGACGAACATACTGATGGCTTTATCTATATGGTCAGC,GCTGACCATATAGATAAAGCCATCAGTATGTTCGTCGATGA,genome1_contig1,148,82,1,41.46341463414634,41.46341463414634,41,41,1,1,6,6,1,3,3,1,4,4,1,1,3,3,4,3,3,4,1,3,2,0,2,2,3,3,3,1,2,2,0,2,100.0
4,genome1_contig1:205-2402|0,GTGCCCAGAGTAGCTTCGGCGATGCAAAGTTGGCTTAT,ATAAGCCAACTTTGCATCGCCGAAGCTACTCTGGGCAC,genome1_contig1,205,76,1,52.63157894736842,52.63157894736842,38,38,1,3,2,2,4,2,0,3,2,2,3,1,3,2,1,2,2,1,3,0,2,1,5,5,2,3,2,4,2,2,1,2,100.0
5,genome1_contig1:256-2456|0,ATGGTATGAATCTTCGTAATCCTCGTATGATTGGTTTCGGA,TCCGAAACCAATCATACGAGGATTACGAAGATTCATACCAT,genome1_contig1,256,82,1,39.02439024390244,39.02439024390244,41,41,2,3,6,6,0,2,0,4,3,3,3,2,4,0,5,3,3,5,4,0,3,1,0,0,0,4,2,0,3,3,1,3,100.0
6,genome1_contig1:297-2492|0,ATCAGCAACAAGCAGACTCTTACGAGTGCGCAGGAT,ATCCTGCGCACTCGTAAGAGTCTGCTTGTTGCTGAT,genome1_contig1,297,72,1,50.0,50.0,36,36,2,1,2,2,5,2,3,1,1,1,1,2,1,5,2,3,3,2,1,3,1,0,4,4,5,1,2,5,2,2,0,1,100.0
7,genome1_contig1:333-2528|0,AACGCAGCAGGTGCCATCATTGGTAGTAAGTTTGTG,CACAAACTTACTACCAATGATGGCACCTGCTGCGTT,genome1_contig1,333,72,1,47.22222222222222,47.22222222222222,36,36,2,2,2,2,4,0,1,5,2,2,2,2,4,4,1,0,0,1,5,1,2,1,3,3,4,4,0,4,1,1,1,2,99.796524
8,genome1_contig1:369-2564|0,ACATTGCTCAATGAGGTAGGCAATCCAGACCAGGCT,AGCCTGGTCTGGATTGCCTACCTCATTGAGCAATGT,genome1_contig1,369,72,1,50.0,50.0,36,36,2,1,3,3,4,2,2,1,1,1,1,2,2,5,2,2,2,2,1,2,3,2,3,3,5,2,2,4,0,0,2,3,99.44489
9,genome1_contig1:405-2601|0,CTCGACCTGCTTTTCGAAGCACTCAAACATTAACATT,AATGTTAATGTTTGAGTGCTTCGAAAAGCAGGTCGAG,genome1_contig1,405,74,1,40.54054054054054,40.54054054054054,37,37,3,4,2,2,1,4,4,0,1,1,4,3,1,4,3,2,2,3,0,4,0,1,2,2,4,1,4,1,2,2,1,0,100.0
10,genome1_contig1:645-2844|0,AAGTGTGTAACTGAACTCCAGAAGGCTTATAAGCCTATCA,TGATAGGCTTATAAGCCTTCTGGAGTTCAGTTACACACTT,genome1_contig1,645,80,1,40.0,40.0,40,40,5,1,2,2,4,4,2,3,4,4,1,5,3,2,2,2,2,2,3,2,1,2,2,2,2,3,4,4,0,0,2,1,100.0
11,genome1_contig1:685-2881|0,TAGAGAGCGAGGAGTTCAAGAAAGAGTATTATGCGCT,AGCGCATAATACTCTTTCTTGAACTCCTCGCTCTCTA,genome1_contig1,685,74,1,43.24324324324324,43.24324324324324,37,37,2,2,2,2,8,1,0,2,3,3,2,2,1,1,1,6,6,1,2,0,1,0,3,3,1,1,1,8,2,2,0,1,100.0
12,genome1_contig1:722-2917|0,CCTGAAGGATTATGTTGGCCGCCCTTCACCTCTTTA,TAAAGAGGTGAAGGGCGGCCAACATAATCCTTCAGG,genome1_contig1,722,72,1,50.0,50.0,36,36,1,4,2,2,1,4,1,1,2,2,4,1,3,1,2,2,2,2,1,1,2,4,2,2,1,3,4,1,1,1,4,2,99.68695
13,genome1_contig1:758-2956|0,CTATGCGAAGAGAATGAGTGAAAAGTATGGATGCCAACT,AGTTGGCATCCATACTTTTCACTCATTCTCTTCGCATAG,genome1_contig1,758,78,1,41.02564102564103,41.02564102564103,39,39,5,0,4,4,4,2,1,2,2,2,0,5,5,1,0,6,6,0,2,1,1,1,2,2,1,5,2,4,1,1,1,1,98.6058
14,genome1_contig1:797-2992|0,CTATCTGAAGCGTGAGGATCTGAATCATACCGGTGC,GCACCGGTATGATTCAGATCCTCACGCTTCAGATAG,genome1_contig1,797,72,1,50.0,50.0,36,36,2,0,4,4,2,3,1,2,2,2,0,2,4,1,3,4,4,3,2,1,2,1,2,2,1,4,3,2,2,2,1,2,100.0
15,genome1_contig1:833-3031|0,GCACAAAATTAACAATACCATCGGTCAGATTCTGATGGC,GCCATCAGAATCTGACCGATGGTATTGTTAATTTTGTGC,genome1_contig1,833,78,1,41.02564102564103,41.02564102564103,39,39,4,2,5,5,1,1,3,1,2,2,2,4,2,5,3,2,2,3,1,3,2,1,2,2,5,2,1,1,1,1,1,2,100.0
16,genome1_contig1:872-3067|0,AAAGAAGATGGGTAAAACACGTATCATCGCCGAGAC,GTCTCGGCGATGATACGTGTTTTACCCATCTTCTTT,genome1_contig1,872,72,1,44.44444444444444,44.44444444444444,36,36,4,0,3,3,3,0,3,2,2,2,0,4,1,2,2,4,4,2,2,3,1,1,1,1,2,1,0,3,3,3,1,1,100.0
17,genome1_contig1:913-3108|0,CCGGACAGCATGGTGTAGCAACAGCTACCGTCTGTG,CACAGACGGTAGCTGTTGCTACACCATGCTGTCCGG,genome1_contig1,913,72,1,58.333333333333336,58.333333333333336,36,36,1,0,1,1,3,2,3,4,2,2,0,1,4,4,1,1,1,1,4,3,2,2,3,3,4,4,2,3,2,2,2,2,100.0
18,genome1_contig1:983-3178|0,GGCTACCGATGTGGAACGCCAGCATACCAATGTGGA,TCCACATTGGTATGCTGGCGTTCCACATCGGTAGCC,genome1_contig1,983,72,1,55.55555555555556,55.55555555555556,36,36,2,0,3,3,1,1,3,2,2,2,0,2,4,3,0,3,3,0,2,3,3,3,3,3,3,4,1,1,2,2,3,3,100.0
19,genome1_contig1:1019-3214|0,GCGTATGAAGATGCTGGGTGCCAAGGTGAATCCTGT,ACAGGATTCACCTTGGCACCCAGCATCTTCATACGC,genome1_contig1,1019,72,1,52.77777777777778,52.77777777777778,36,36,3,0,3,3,2,2,0,4,1,1,0,3,6,1,1,3,3,1,4,0,2,2,3,3,1,6,2,2,1,1,2,2,100.0
20,genome1_contig1:1055-3250|0,CCGTACGGGCAATATGACTTTAAGTGATGCATGCTC,GAGCATGCATCACTTAAAGTCATATTGCCCGTACGG,genome1_contig1,1055,72,1,47.22222222222222,47.22222222222222,36,36,2,1,4,4,1,2,2,2,3,3,1,2,4,2,1,2,2,1,2,2,1,1,3,3,2,4,2,1,2,2,1,1,100.0
21,genome1_contig1:1092-3288|0,GAGGCTATCCGCGACTGGTGCTGTCATCCACAGGATA,TATCCTGTGGATGACAGCACCAGTCGCGGATAGCCTC,genome1_contig1,1092,74,1,56.75675675675676,56.75675675675676,37,37,0,0,3,3,2,3,2,2,2,2,0,0,3,3,3,3,3,3,2,2,3,2,3,3,3,3,3,2,2,2,2,3,100.0
22,genome1_contig1:1129-3325|0,CCTTCTATATCGTTGGTTCTACGATGGGACCTCATCC,GGATGAGGTCCCATCGTAGAACCAACGATATAGAAGG,genome1_contig1,1129,74,1,48.648648648648646,48.648648648648646,37,37,0,3,4,4,0,4,2,2,3,3,3,0,2,1,5,2,2,5,2,2,2,3,0,0,1,2,4,0,2,2,3,2,100.0
23,genome1_contig1:1166-3361|0,TTACCCAGATATCGTGGCAAAGATGCAGAGTGTGAT,ATCACACTCTGCATCTTTGCCACGATATCTGGGTAA,genome1_contig1,1166,72,1,44.44444444444444,44.44444444444444,36,36,1,1,4,4,4,0,1,3,2,2,1,1,4,3,1,4,4,1,3,1,1,1,2,2,3,4,0,4,1,1,1,1,99.471985
24,genome1_contig1:1202-3397|0,CAGTGAGGAGCTGAAATGGCAGTTGGAAGAGAAGAT,ATCTTCTCTTCCAACTGCCATTTCAGCTCCTCACTG,genome1_contig1,1202,72,1,47.22222222222222,47.22222222222222,36,36,3,1,2,2,7,1,0,2,0,0,1,3,4,2,0,7,7,0,2,0,3,0,2,2,2,4,1,7,0,0,0,3,100.0
25,genome1_contig1:1241-3436|0,CCGCGATTATCCTGATTACCTCATCGCCTGCGTGGG,CCCACGCAGGCGATGAGGTAATCAGGATAATCGCGG,genome1_contig1,1241,72,1,58.333333333333336,58.333333333333336,36,36,0,2,4,4,0,3,1,1,2,2,2,0,3,1,3,2,2,3,1,1,1,4,3,3,1,3,3,0,4,4,4,1,98.86733
26,genome1_contig1:1277-3472|0,TGGTGGAAGCAATGCCGCGGGTACCATCTATCATTA,TAATGATAGATGGTACCCGCGGCATTGCTTCCACCA,genome1_contig1,1277,72,1,50.0,50.0,36,36,2,1,4,4,1,1,1,2,3,3,1,2,3,3,2,1,1,2,2,1,3,2,3,3,3,3,1,1,2,2,2,3,99.00841
27,genome1_contig1:1313-3508|0,TATTGATGATGAGCGGGTTCAGATCTATCTGGCTGA,TCAGCCAGATAGATCTGAACCCGCTCATCATCAATA,genome1_contig1,1313,72,1,44.44444444444444,44.44444444444444,36,36,0,2,5,5,2,3,0,1,2,2,2,0,5,1,3,5,5,3,1,0,2,0,2,2,1,5,3,2,1,1,0,2,100.0
28,genome1_contig1:1349-3544|0,GGCTGCCGGTCATGGTATTGATACCAATTACACGGC,GCCGTGTAATTGGTATCAATACCATGACCGGCAGCC,genome1_contig1,1349,72,1,52.77777777777778,52.77777777777778,36,36,1,2,4,4,0,1,3,2,3,3,2,1,3,3,1,1,1,1,2,3,4,2,3,3,3,3,1,0,2,2,2,4,99.9621
29,genome1_contig1:1385-3580|0,TGCAACCATGCATTGCGGTACTGAGGGAATCATTCA,TGAATGATTCCCTCAGTACCGCAATGCATGGTTGCA,genome1_contig1,1385,72,1,47.22222222222222,47.22222222222222,36,36,2,2,4,4,1,1,2,1,1,1,2,2,4,5,2,2,2,2,1,2,2,1,3,3,5,4,1,1,1,1,1,2,99.648476
30,genome1_contig1:1427-3622|0,CCGCACGCTTGTGATGCAGACTGAGGATGGACAGAT,ATCTGTCCATCCTCAGTCTGCATCACAAGCGTGCGG,genome1_contig1,1427,72,1,55.55555555555556,55.55555555555556,36,36,0,1,3,3,3,2,3,1,0,0,1,0,5,3,0,6,6,0,1,3,2,1,3,3,3,5,2,3,2,2,1,2,98.72424
31,genome1_contig1:1463-3658|0,TGAGGAAGCCTTCACCATCAGTGCCGGTTTGGATTA,TAATCCAAACCGGCACTGATGGTGAAGGCTTCCTCA,genome1_contig1,1463,72,1,50.0,50.0,36,36,1,3,2,2,3,1,1,2,1,1,3,1,3,3,2,3,3,2,2,1,3,3,2,2,3,3,1,3,1,1,3,3,100.0
32,genome1_contig1:1499-3694|0,TCCGGGTATTGGACCTATGCATGCAGACTTGGCTAC,GTAGCCAAGTCTGCATGCATAGGTCCAATACCCGGA,genome1_contig1,1499,72,1,52.77777777777778,52.77777777777778,36,36,0,2,3,3,1,3,3,1,3,3,2,0,4,2,1,2,2,1,1,3,3,2,3,3,2,4,3,1,1,1,2,3,99.799416
33,genome1_contig1:1535-3730|0,AAGGGGTAGAAGTCATGTACTTGCCATCAAGGATGA,TCATCCTTGATGGCAAGTACATGACTTCTACCCCTT,genome1_contig1,1535,72,1,44.44444444444444,44.44444444444444,36,36,3,1,3,3,4,1,1,3,2,2,1,3,3,3,2,3,3,2,3,1,3,1,1,1,3,3,1,4,0,0,1,3,100.0
34,genome1_contig1:1571-3766|0,TGAGGCTATTTATGCCGGTTACGAACTGACTCGTAT,ATACGAGTCAGTTCGTAACCGGCATAAATAGCCTCA,genome1_contig1,1571,72,1,44.44444444444444,44.44444444444444,36,36,1,2,3,3,1,3,3,2,4,4,2,1,3,0,1,3,3,1,2,3,2,1,2,2,0,3,3,1,3,3,1,2,100.0
35,genome1_contig1:1607-3802|0,GGAAGGTATCATACCGGTCGGCGAGATCCATCATCT,AGATGATGGATCTCGCCGACCGGTATGATACCTTCC,genome1_contig1,1607,72,1,52.77777777777778,52.77777777777778,36,36,1,0,5,5,2,1,1,2,2,2,0,1,0,3,5,3,3,5,2,1,4,2,1,1,3,0,1,2,3,3,2,4,100.0
36,genome1_contig1:1664-3864|0,AAAATGAAGTTCAAGAAATGTCGTTGTCTTGACCGTTTCAG,CTGAAACGGTCAAGACAACGACATTTCTTGAACTTCATTTT,genome1_contig1,1664,82,1,36.58536585365854,36.58536585365854,41,41,5,4,2,2,3,1,1,5,0,0,4,5,4,2,4,3,3,4,5,1,0,1,0,0,2,4,1,3,2,2,1,0,93.0528
37,genome1_contig1:1705-3900|0,GCCGTGGTGACAAGGATGTAGAAACCTATTTGAGCC,GGCTCAAATAGGTTTCTACATCCTTGTCACCACGGC,genome1_contig1,1705,72,1,50.0,50.0,36,36,2,1,2,2,3,1,2,3,2,2,1,2,4,1,0,4,4,0,3,2,2,3,2,2,1,4,1,3,1,1,3,2,100.0
38,genome1_contig1:1825-4025|0,GGCTAAGTTTAATTATACGACAGTAACTCGCACGATTCTCG,CGAGAATCGTGCGAGTTACTGTCGTATAATTAAACTTAGCC,genome1_contig1,1825,82,1,41.46341463414634,41.46341463414634,41,41,3,3,3,3,2,3,4,2,5,5,3,3,0,2,3,2,2,3,2,4,1,0,2,2,2,0,3,2,4,4,0,1,98.10963
39,genome1_contig1:1866-4061|0,CCGACCTCTATACGCCTGTGGGAGTTTATATGCGAT,ATCGCATATAAACTCCCACAGGCGTATAGAGGTCGG,genome1_contig1,1866,72,1,50.0,50.0,36,36,0,1,4,4,1,3,2,2,4,4,1,0,3,0,1,3,3,1,2,2,1,3,2,2,0,3,3,1,3,3,3,1,100.0
40,genome1_contig1:1916-4111|0,CCCCAGTCGGCTCTGATGGAGAGTAGCGACTATCAT,ATGATAGTCGCTACTCTCCATCAGAGCCGACTGGGG,genome1_contig1,1916,72,1,55.55555555555556,55.55555555555556,36,36,0,0,3,3,4,3,1,2,2,2,0,0,2,2,3,4,4,3,2,1,2,2,2,2,2,2,3,4,2,2,2,2,98.483185
41,genome1_contig1:1952-4147|0,GGTTCTGAGAATTCCCGTTCCTTCATCGGTGTACAT,ATGTACACCGATGAAGGAACGGGAATTCTCAGAACC,genome1_contig1,1952,72,1,47.22222222222222,47.22222222222222,36,36,1,4,3,3,1,2,1,4,1,1,4,1,2,2,5,2,2,5,4,1,2,2,0,0,2,2,2,1,2,2,2,2,100.0
42,genome1_contig1:1988-4183|0,CCATTGGCTAGCATTGCCGTGAGTCATGGAGAGGTT,AACCTCTCCATGACTCACGGCAATGCTAGCCAATGG,genome1_contig1,1988,72,1,52.77777777777778,52.77777777777778,36,36,0,3,3,3,4,1,0,3,1,1,3,0,4,3,1,3,3,1,3,0,3,2,3,3,3,4,1,4,1,1,2,3,100.0
43,genome1_contig1:2024-4224|0,ATCAAGACTTATCCTGATGGTAGTGTAGAGAAACAGCAACT,AGTTGCTGTTTCTCTACACTACCATCAGGATAAGTCTTGAT,genome1_contig1,2024,82,1,39.02439024390244,39.02439024390244,41,41,3,1,3,3,5,3,3,3,3,3,1,3,3,3,2,4,4,2,3,3,1,1,1,1,3,3,3,5,0,0,1,1,100.0
44,genome1_contig1:2065-4260|0,TCCAGCCTTCGGCGAAGGAAAGGGAGAAGATTGCAA,TTGCAATCTTCTCCCTTTCCTTCGCCGAAGGCTGGA,genome1_contig1,2065,72,1,52.77777777777778,52.77777777777778,36,36,4,2,1,1,5,1,0,0,0,0,2,4,1,2,2,5,5,2,0,0,3,2,3,3,2,1,1,5,2,2,2,3,100.0
45,genome1_contig1:2114-4314|0,AAAGCTTTCAATGAATTCATCCAAAGTTTCCATGTTGAGGG,CCCTCAACATGGAAACTTTGGATGAATTCATTGAAAGCTTT,genome1_contig1,2114,82,1,36.58536585365854,36.58536585365854,41,41,4,4,4,4,3,1,0,2,0,0,4,4,3,4,4,2,2,4,2,0,1,2,1,1,4,3,1,3,0,0,2,1,98.346054
46,genome1_contig2:13-1788|0,GTGGTTCGTCCGAGTCATCGGCGTGGGTACGAAAAG,CTTTTCGTACCCACGCCGATGACTCGGACGAACCAC,genome1_contig2,13,72,1,58.333333333333336,58.333333333333336,36,36,2,1,1,1,2,0,1,6,1,1,1,2,2,1,4,2,2,4,6,1,3,1,1,1,1,2,0,2,5,5,1,3,99.03013
47,genome1_contig2:49-1829|0,AGTTTCTTGAATCAATCTGCCACCTTATATTATACGGGTGC,GCACCCGTATAATATAAGGTGGCAGATTGATTCAAGAAACT,genome1_contig2,49,82,1,39.02439024390244,39.02439024390244,41,41,2,4,5,5,1,3,2,2,4,4,4,2,3,2,3,1,1,3,2,2,1,2,2,2,2,3,3,1,1,1,2,1,100.0
48,genome1_contig2:90-1865|0,CAAGTTCCCGTCAACTATAGCATTGCAGGATCTTCA,TGAAGATCCTGCAATGCTATAGTTGACGGGAACTTG,genome1_contig2,90,72,1,44.44444444444444,44.44444444444444,36,36,2,3,3,3,3,2,1,2,2,2,3,2,1,5,4,1,1,4,2,1,1,1,2,2,5,1,2,3,1,1,1,1,100.0
49,genome1_contig2:127-1907|0,TATTTTGTGCCGTATATCAAGGGTAAGGGTATTCGTGATGT,ACATCACGAATACCCTTACCCTTGATATACGGCACAAAATA,genome1_contig2,127,82,1,39.02439024390244,39.02439024390244,41,41,2,3,5,5,2,0,0,6,5,5,3,2,4,1,2,1,1,2,6,0,2,1,1,1,1,4,0,2,2,2,1,2,96.46233
50,genome1_contig2:177-1957|0,TGTAAGAATGAGAACCATAACGAGTAAAGAGGCTAAGCAGG,CCTGCTTAGCCTCTTTACTCGTTATGGTTCTCATTCTTACA,genome1_contig2,177,82,1,41.46341463414634,41.46341463414634,41,41,6,0,2,2,7,1,2,2,4,4,0,6,2,2,0,5,5,0,2,2,2,1,2,2,2,2,1,7,1,1,1,2,100.0
51,genome1_contig2:218-1993|0,ATGAAGGGGCTGATGCAACAGATGATTTGCGTTTAG,CTAAACGCAAATCATCTGTTGCATCAGCCCCTTCAT,genome1_contig2,218,72,1,44.44444444444444,44.44444444444444,36,36,2,2,4,4,3,1,1,1,1,1,2,2,5,2,0,4,4,0,1,1,2,0,3,3,2,5,1,3,1,1,0,2,99.40527
52,genome1_contig2:291-2071|0,ATATTGTATGATTGATGTCTTGCAAATGACAGACCTCACGT,ACGTGAGGTCTGTCATTTGCAAGACATCAATCATACAATAT,genome1_contig2,291,82,1,36.58536585365854,36.58536585365854,41,41,1,3,6,6,1,2,3,3,2,2,3,1,6,3,2,4,4,2,3,3,0,1,1,1,3,6,2,1,1,1,1,0,94.76649
53,genome1_contig2:396-2171|0,TTTTCTAATTTAATGCCACATCTGCCACGCTGTGTG,CACACAGCGTGGCAGATGTGGCATTAAATTAGAAAA,genome1_contig2,396,72,1,41.666666666666664,41.666666666666664,36,36,2,3,3,3,0,3,2,2,2,2,3,2,5,3,2,0,0,2,2,2,0,2,3,3,3,5,3,0,1,1,2,0,100.0
54,genome1_contig2:434-2214|0,AGTGGTTGATACAGATAGAATAATGGGTGGCAATAAGGTGC,GCACCTTATTGCCACCCATTATTCTATCTGTATCAACCACT,genome1_contig2,434,82,1,41.46341463414634,41.46341463414634,41,41,4,1,5,5,4,0,1,4,4,4,1,4,5,2,0,3,3,0,4,1,4,0,2,2,2,5,0,4,0,0,0,4,100.0
55,genome1_contig2:477-2252|0,TTTTATAGCCACCTATTGCCACACCGATACGTTCTT,AAGAACGTATCGGTGTGGCAATAGGTGGCTATAAAA,genome1_contig2,477,72,1,41.666666666666664,41.666666666666664,36,36,0,5,3,3,1,2,4,1,4,4,5,0,1,3,1,1,1,1,1,4,0,4,2,2,3,1,2,1,2,2,4,0,100.0
56,genome1_contig2:513-2290|0,TATACTATGCCCAAGGCTAAAGGAAAGTCAACCGAAAC,GTTTCGGTTGACTTTCCTTTAGCCTTGGGCATAGTATA,genome1_contig2,513,76,1,42.10526315789474,42.10526315789474,38,38,5,0,2,2,3,2,3,1,4,4,0,5,1,2,1,2,2,1,1,3,2,2,2,2,2,1,2,3,1,1,2,2,100.0
57,genome1_contig2:576-2351|0,GGGTGCTTTTGACCGGATGTTTCGGGCACTTGTCTT,AAGACAAGTGCCCGAAACATCCGGTCAAAAGCACCC,genome1_contig2,576,72,1,52.77777777777778,52.77777777777778,36,36,0,5,1,1,0,3,2,3,0,0,5,0,4,1,2,2,2,2,3,2,3,1,2,2,1,4,3,0,2,2,1,3,100.0
58,genome1_contig2:612-2387|0,CGTTGTAAGGGGCACGTATCCTCGTTGTATGGAGGA,TCCTCCATACAACGAGGATACGTGCCCCTTACAACG,genome1_contig2,612,72,1,52.77777777777778,52.77777777777778,36,36,1,2,2,2,2,1,1,5,3,3,2,1,3,1,2,2,2,2,5,1,4,1,1,1,1,3,1,2,3,3,1,4,100.0
59,genome1_contig2:648-2423|0,CATGTCCTCGATGTATCGGGCAAGCACTTACGATAT,ATATCGTAAGTGCTTGCCCGATACATCGAGGACATG,genome1_contig2,648,72,1,47.22222222222222,47.22222222222222,36,36,1,1,5,5,1,2,2,2,3,3,1,1,2,3,3,2,2,3,2,2,1,1,2,2,3,2,2,1,3,3,1,1,100.0
60,genome1_contig2:684-2460|0,ATGACGCAAGTACTTACGATATATGACGCAAGCACTT,AAGTGCTTGCGTCATATATCGTAAGTACTTGCGTCAT,genome1_contig2,684,74,1,40.54054054054054,40.54054054054054,37,37,2,2,4,4,2,2,5,1,4,4,2,2,2,3,0,3,3,0,1,5,0,0,3,3,3,2,2,2,3,3,0,0,99.46196
61,genome1_contig2:684-2460|0,ATGACGCAAGTACTTACGATATATGACGCAAGCACTT,AAGTACTTGCGTCATATATCGTAAGTGCTTGCNNNNN,genome1_contig2,667,48,1,40.54054054054054,35.13513513513514,37,37,2,2,4,3,2,2,5,1,4,4,2,2,2,3,0,2,3,0,1,4,0,0,3,3,3,1,2,2,3,2,0,0,22.966932
62,genome1_contig2:726-2506|0,ATATGACGTAAGCACTTACGATATTTAGAAGACGCAAGGCA,TGCCTTGCGTCTTCTAAATATCGTAAGTGCTTACGTCATAT,genome1_contig2,726,82,1,39.02439024390244,39.02439024390244,41,41,3,2,4,4,4,1,4,1,5,5,2,3,1,3,0,4,4,0,1,4,1,0,3,3,3,1,1,4,3,3,0,1,100.0
63,genome1_contig2:767-2542|0,ATGCAGAGAGCTGCTGCATGATGGTCTTTGCCATAC,GTATGGCAAAGACCATCATGCAGCAGCTCTCTGCAT,genome1_contig2,767,72,1,50.0,50.0,36,36,0,1,4,4,3,3,1,1,1,1,1,0,6,3,1,3,3,1,1,1,1,1,5,5,3,6,3,3,0,0,1,1,100.0
64,genome1_contig2:805-2580|0,GAATGGCCGGCATCGTTTGGATGAAGACGGTCGGTA,TACCGACCGTCTTCATCCAAACGATGCCGGCCATTC,genome1_contig2,805,72,1,55.55555555555556,55.55555555555556,36,36,2,1,3,3,1,0,1,3,1,1,1,2,3,1,2,4,4,2,3,1,5,1,2,2,1,3,0,1,4,4,1,5,100.0
65,genome1_contig2:841-2616|0,TCCGGCTTGTTGAACATCTGGGCACCTGCATCATAA,TTATGATGCAGGTGCCCAGATGTTCAACAAGCCGGA,genome1_contig2,841,72,1,50.0,50.0,36,36,2,2,3,3,0,3,2,1,1,1,2,2,4,4,3,1,1,3,1,2,2,2,3,3,4,4,3,0,1,1,2,2,100.0
66,genome1_contig2:877-2652|0,ATAGGGAAGAGACCTGAAAGGGAGTTGAGGTCGATG,CATCGACCTCAACTCCCTTTCAGGTCTCTTCCCTAT,genome2_contig2,6541,72,0,50.0,50.0,36,36,2,1,2,2,6,1,1,2,1,1,1,2,3,0,1,7,7,1,2,1,3,1,0,0,0,3,1,6,1,1,1,3,99.84982
67,genome1_contig2:877-2652|0,ATAGGGAAGAGACCTGAAAGGGAGTTGAGGTCGATG,CATCGACCTCAACTCCCTTTCAGGTCTCTTCCCTAT,genome1_contig2,877,72,1,50.0,50.0,36,36,2,1,2,2,6,1,1,2,1,1,1,2,3,0,1,7,7,1,2,1,3,1,0,0,0,3,1,6,1,1,1,3,99.84982
68,genome1_contig2:913-2688|0,ACCGGAACCGCCCAGACATTGCCTACTTCCTTAATC,GATTAAGGAAGTAGGCAATGTCTGGGCGGTTCCGGT,genome1_contig2,913,72,1,52.77777777777778,52.77777777777778,36,36,2,3,2,2,1,3,4,0,2,2,3,2,1,2,2,2,2,2,0,4,1,5,2,2,2,1,3,1,2,2,5,1,99.038994
69,genome1_contig2:949-2724|0,GCCTTTACGTATTCATCGAAGAAGATGCCACGGGCA,TGCCCGTGGCATCTTCTTCGATGAATACGTAAAGGC,genome1_contig2,949,72,1,50.0,50.0,36,36,2,2,3,3,2,1,2,1,2,2,2,2,1,3,2,3,3,2,1,2,1,2,3,3,3,1,1,2,3,3,2,1,99.692856
70,genome1_contig2:985-2760|0,TTCTCGTACATCTCATCAGGCTGGATGTTCTTGTCG,CGACAAGAACATCCAGCCTGATGAGATGTACGAGAA,genome1_contig2,985,72,1,47.22222222222222,47.22222222222222,36,36,0,3,3,3,1,4,1,3,1,1,3,0,3,3,7,1,1,7,3,1,2,0,1,1,3,3,4,1,2,2,0,2,100.0
71,genome1_contig2:1030-2805|0,AAAAGCGCACGGTGCACAGGAGTCATCACCACAATC,GATTGTGGTGATGACTCCTGTGCACCGTGCGCTTTT,genome1_contig2,1030,72,1,52.77777777777778,52.77777777777778,36,36,3,0,2,2,3,0,4,2,0,0,0,3,1,7,3,1,1,3,2,4,2,1,3,3,7,1,0,3,2,2,1,2,100.0
72,genome1_contig2:1066-2843|0,TGCTTGGTAGGATACATCTGCTTCAGTTTCGACATAGC,GCTATGTCGAAACTGAAGCAGATGTATCCTACCAAGCA,genome1_contig2,1066,76,1,44.73684210526316,44.73684210526316,38,38,0,3,3,3,3,3,2,2,3,3,3,0,3,3,3,2,2,3,2,2,2,0,3,3,3,3,3,3,1,1,0,2,100.0
73,genome1_contig2:1104-2879|0,GATGTTGATGCGGCCTTTCAAAGTGTTCTTATCCAT,ATGGATAAGAACACTTTGAAAGGCCGCATCAACATC,genome1_contig2,1104,72,1,41.666666666666664,41.666666666666664,36,36,1,4,4,4,1,2,0,3,1,1,4,1,4,2,3,2,2,3,3,0,1,2,2,2,2,4,2,1,1,1,2,1,100.0
74,genome1_contig2:1140-2915|0,GGCAAAATGACGATGGCGACGCTGAACCATTTCGCT,AGCGAAATGGTTCAGCGTCGCCATCGTCATTTTGCC,genome1_contig2,1140,72,1,52.77777777777778,52.77777777777778,36,36,3,1,3,3,0,2,3,0,0,0,1,3,3,2,1,4,4,1,0,3,2,1,4,4,2,3,2,0,4,4,1,2,97.51665
75,genome1_contig2:1189-2964|0,GCTACCCTCACGCTGTCGAAAGTCTCCGTGTACCAT,ATGGTACACGGAGACTTTCGACAGCGTGAGGGTAGC,genome1_contig2,1189,72,1,55.55555555555556,55.55555555555556,36,36,1,0,1,1,1,4,3,4,2,2,0,1,2,2,4,1,1,4,4,3,0,3,2,2,2,2,4,1,3,3,3,0,100.0
76,genome1_contig2:1225-3000|0,TCGCCGATAGGTACACCATTGTTGTAATCGTTGGTG,CACCAACGATTACAACAATGGTGTACCTATCGGCGA,genome1_contig2,1225,72,1,47.22222222222222,47.22222222222222,36,36,1,3,3,3,1,0,2,5,3,3,3,1,4,2,2,1,1,2,5,2,2,2,1,1,2,4,0,1,3,3,2,2,100.0
77,genome1_contig2:1261-3036|0,CCCATGAAGATGAGGATGGCATCGAAATCATCGCCA,TGGCGATGATTTCGATGCCATCCTCATCTTCATGGG,genome1_contig2,1261,72,1,50.0,50.0,36,36,2,0,6,6,2,0,0,0,0,0,0,2,3,4,3,5,5,3,0,0,2,2,2,2,4,3,0,2,2,2,2,2,99.327545
78,genome1_contig2:1299-3074|0,CTCCTTCTGGAGCTGATCTGCCTGACGGGGAATGTC,GACATTCCCCGTCAGGCAGATCAGCTCCAGAAGGAG,genome1_contig2,1299,72,1,58.333333333333336,58.333333333333336,36,36,1,1,2,2,1,6,1,1,0,0,1,1,5,0,4,4,4,4,1,1,3,2,2,2,0,5,6,1,1,1,2,3,100.0
79,genome1_contig2:1335-3110|0,GTTCCACTGTCTGCCGCTCACACCATAAACGTATGG,CCATACGTTTATGGTGTGAGCGGCAGACAGTGGAAC,genome1_contig2,1335,72,1,52.77777777777778,52.77777777777778,36,36,1,1,2,2,0,3,4,3,2,2,1,1,3,4,3,0,0,3,3,4,1,3,2,2,4,3,3,0,2,2,3,1,100.0
80,genome1_contig2:1372-3147|0,GTGATGCCGAGCCAATCCTGCAGGAATCCCCAGTAT,ATACTGGGGATTCCTGCAGGATTGGCTCGGCATCAC,genome1_contig2,1372,72,1,55.55555555555556,55.55555555555556,36,36,2,0,4,4,3,1,0,2,1,1,0,2,3,3,2,3,3,2,2,0,1,5,3,3,3,3,1,3,1,1,5,1,97.690445
81,genome1_contig2:1408-3183|0,TTCACTTTTGAAGCCTTGATGTTCGGATCGGTGATG,CATCACCGATCCGAACATCAAGGCTTCAAAAGTGAA,genome1_contig2,1408,72,1,44.44444444444444,44.44444444444444,36,36,1,5,3,3,1,2,1,2,0,0,5,1,5,1,3,4,4,3,2,1,2,1,1,1,1,5,2,1,2,2,1,2,100.0
82,genome1_contig2:1444-3219|0,GAGTCGCCGAAGTAAGCCACCTTCTTGCCTTTCCAA,TTGGAAAGGCAAGAAGGTGGCTTACTTCGGCGACTC,genome1_contig2,1444,72,1,52.77777777777778,52.77777777777778,36,36,3,3,0,0,3,3,1,2,1,1,3,3,1,2,3,2,2,3,2,1,0,5,3,3,2,1,3,3,2,2,5,0,99.51858
83,genome1_contig2:1480-3256|0,GGATGATGAAGGTTCTTGAAAGCCTTTTCCTTTTCGG,CCGAAAAGGAAAAGGCTTTCAAGAACCTTCATCATCC,genome1_contig2,1480,74,1,43.24324324324324,43.24324324324324,37,37,2,6,2,2,2,3,0,1,0,0,6,2,3,0,3,4,4,3,1,0,3,2,1,1,0,3,3,2,1,1,2,3,100.0
84,genome1_contig2:1517-3292|0,CGATTTCTTTCTTGCTCATCGCCTTTTGGGCGAATG,CATTCGCCCAAAAGGCGATGAGCAAGAAAGAAATCG,genome1_contig2,1517,72,1,47.22222222222222,47.22222222222222,36,36,1,5,3,3,0,4,0,0,0,0,5,1,3,1,4,2,2,4,0,0,1,1,3,3,1,3,4,0,3,3,1,1,100.0
85,genome1_contig2:1560-3336|0,GGTTGGCATCGCCAAACTGAGGGCAAGTACCAGAGTA,TACTCTGGTACTTGCCCTCAGTTTGGCGATGCCAACC,genome1_contig2,1560,74,1,54.054054054054056,54.054054054054056,37,37,2,1,1,1,4,1,2,3,2,2,1,2,2,4,1,2,2,1,3,2,3,2,3,3,4,2,1,4,1,1,2,3,100.0
86,genome1_contig3:38-5598|0,AAACATTTCTTTGGATTAGCAGTGATAGCTGCTATGACAGC,GCTGTCATAGCAGCTATCACTGCTAATCCAAAGAAATGTTT,genome1_contig3,38,82,1,39.02439024390244,39.02439024390244,41,41,1,3,4,4,4,3,2,1,3,3,3,1,4,3,1,3,3,1,1,2,1,0,4,4,3,4,3,4,0,0,0,1,100.0
87,genome1_contig3:116-5671|0,GGGGTAATGGTTCAGGTGAGAATGAATCAGGTGTAA,TTACACCTGATTCATTCTCACCTGAACCATTACCCC,genome1_contig3,116,72,1,44.44444444444444,44.44444444444444,36,36,4,1,3,3,3,0,0,5,2,2,1,4,4,2,2,3,3,2,5,0,5,0,0,0,2,4,0,3,0,0,0,5,99.64907
88,genome1_contig3:152-5710|0,GCTATGCTTCTTTCTCTATCAACTTGCCAACAACAAACG,CGTTTGTTGTTGGCAAGTTGATAGAGAAAGAAGCATAGC,genome1_contig3,152,78,1,41.02564102564103,41.02564102564103,39,39,4,3,2,2,0,6,4,0,2,2,3,4,2,4,4,0,0,4,0,4,0,1,3,3,4,2,6,0,1,1,1,0,99.08383
89,genome1_contig3:191-5746|0,GTACACGTGCTACTGACCCTTCATTTGATAAGGGTG,CACCCTTATCAAATGAAGGGTCAGTAGCACGTGTAC,genome1_contig3,191,72,1,47.22222222222222,47.22222222222222,36,36,1,2,2,2,1,3,4,3,3,3,2,1,4,2,1,2,2,1,3,4,1,1,1,1,2,4,3,1,1,1,1,1,98.78471
90,genome1_contig3:191-5746|0,GTACACGTGCTACTGACCCTTCATTTGATAAGGGTG,CACCCTTATCAAATGAAGGGTCAGTAGCACGTGTNN,genome2_contig3,2638,68,1,47.22222222222222,44.44444444444444,36,36,1,2,2,2,1,3,4,2,3,2,2,1,4,2,1,2,2,1,3,4,1,1,1,1,2,4,3,1,1,1,1,1,96.937386
91,genome1_contig3:227-5786|0,ATGCCAATGAGTATGATGTTAATGATGTTACCTTGCTGGT,ACCAGCAAGGTAACATCATTAACATCATACTCATTGGCAT,genome1_contig3,227,80,1,37.5,37.5,40,40,2,3,6,6,1,2,1,4,3,3,3,2,8,1,0,3,3,0,4,1,1,2,2,2,1,8,2,1,0,0,2,1,95.802055
92,genome1_contig3:267-5822|0,TTTCAAGAAGGGTACTGATGCAACATCAGAGGGAGC,GCTCCCTCTGATGTTGCATCAGTACCCTTCTTGAAA,genome1_contig3,267,72,1,47.22222222222222,47.22222222222222,36,36,3,1,2,2,5,1,2,1,1,1,1,3,2,4,2,4,4,2,1,2,2,0,2,2,4,2,1,5,0,0,0,2,98.78642
93,genome1_contig3:303-5861|0,ATATACCTTCGTAGAGTATGTTGATCTGGGCTCAATGGC,GCCATTGAGCCCAGATCAACATACTCTACGAAGGTATAT,genome1_contig3,303,78,1,43.58974358974359,43.58974358974359,39,39,1,2,5,5,2,3,1,3,4,4,2,1,4,1,3,2,2,3,3,1,2,1,2,2,1,4,3,2,1,1,1,2,100.0
94,genome1_contig3:354-5914|0,TCCAAATGAAACAGGTGTAACTACCCATTCCAAGATTACAG,CTGTAATCTTGGAATGGGTAGTTACACCTGTTTCATTTGGA,genome1_contig3,354,82,1,39.02439024390244,39.02439024390244,41,41,4,2,3,3,3,1,4,2,3,3,2,4,2,5,2,2,2,2,2,4,1,3,0,0,5,2,1,3,0,0,3,1,88.48174
95,genome1_contig3:395-5950|0,CAAAGCTTGAAAAGGTCGACAAGAATGGCGATTTCT,AGAAATCGCCATTCTTGTCGACCTTTTCAAGCTTTG,genome1_contig3,395,72,1,41.666666666666664,41.666666666666664,36,36,5,2,2,2,3,2,1,1,0,0,2,5,2,2,2,4,4,2,1,1,2,0,2,2,2,2,2,3,2,2,0,2,98.39524
96,genome1_contig3:431-5990|0,TCGCATTGGTACTTTTGAACAATGGTAAAGATGCAAATGC,GCATTTGCATCTTTACCATTGTTCAAAAGTACCAATGCGA,genome1_contig3,431,80,1,37.5,37.5,40,40,4,3,4,4,1,1,2,2,2,2,3,4,5,3,1,2,2,1,2,2,2,0,3,3,3,5,1,1,1,1,0,2,98.35659
97,genome1_contig3:478-6038|0,ACTTTGCCACATGATGGTGATAAATTTTCAACTTGGAATGC,GCATTCCAAGTTGAAAATTTATCACCATCATGTGGCAAAGT,genome1_contig3,478,82,1,36.58536585365854,36.58536585365854,41,41,3,4,5,5,0,2,3,1,1,1,4,3,6,3,1,3,3,1,1,3,2,1,2,2,3,6,2,0,0,0,1,2,98.67531
98,genome1_contig3:519-6074|0,AGCAACTAATGCGACAGCCAAATTTGCTTCTACCGA,TCGGTAGAAGCAAATTTGGCTGTCGCATTAGTTGCT,genome1_contig3,519,72,1,44.44444444444444,44.44444444444444,36,36,3,2,2,2,2,3,3,0,2,2,2,3,2,3,1,2,2,1,0,3,0,2,4,4,3,2,3,2,2,2,2,0,100.0
99,genome1_contig3:557-6117|0,AGGGATTCTATATGGCAAATGCACCTCTATTCGATAACACT,AGTGTTATCGAATAGAGGTGCATTTGCCATATAGAATCCCT,genome1_contig3,557,82,1,39.02439024390244,39.02439024390244,41,41,2,2,6,6,1,4,3,0,4,4,2,2,2,3,3,2,2,3,0,3,2,1,2,2,3,2,4,1,1,1,1,2,100.0
100,genome1_contig3:619-6179|0,GTTGCTATCGACAAAGATAAGATTTACCCAACAGAATCCCA,TGGGATTCTGTTGGGTAAATCTTATCTTTGTCGATAGCAAC,genome1_contig3,619,82,1,39.02439024390244,39.02439024390244,41,41,4,2,4,4,3,1,3,1,3,3,2,4,1,4,2,4,4,2,1,3,0,2,1,1,4,1,1,3,1,1,2,0,98.751724
101,genome1_contig3:660-6216|0,GGCATCTGCAGGTGCAGCTGCTGCCGATATCTATGTT,AACATAGATATCGGCAGCAGCTGCACCTGCAGATGCC,genome1_contig3,660,74,1,54.054054054054056,54.054054054054056,37,37,0,1,4,4,2,4,0,2,2,2,1,0,5,3,2,1,1,2,2,0,2,1,6,6,3,5,4,2,1,1,1,2,100.0
102,genome1_contig3:697-6252|0,GAGCGTGGTCTTGCTAAGGTTACCTTAGGTACAGGT,ACCTGTACCTAAGGTAACCTTAGCAAGACCACGCTC,genome1_contig3,697,72,1,50.0,50.0,36,36,1,3,0,0,4,3,2,5,4,4,3,1,2,1,1,1,1,1,5,2,4,1,2,2,1,2,3,4,1,1,1,4,100.0
103,genome1_contig3:733-6290|0,ACTGGTACCGAAAAGACTGTAGCTGATGGTACATATGC,GCATATGTACCATCAGCTACAGTCTTTTCGGTACCAGT,genome1_contig3,733,76,1,44.73684210526316,44.73684210526316,38,38,2,0,3,3,2,3,4,3,4,4,0,2,5,1,0,3,3,0,3,4,2,1,2,2,1,5,3,2,1,1,1,2,100.0
104,genome1_contig3:771-6329|0,AAACGATAAGGTTACAATCAAGAACTGGGCTTTGGATGT,ACATCCAAAGCCCAGTTCTTGATTGTAACCTTATCGTTT,genome1_contig3,771,78,1,38.46153846153846,38.46153846153846,39,39,5,2,3,3,2,2,3,2,2,2,2,5,3,2,1,3,3,1,2,3,3,0,1,1,2,3,2,2,1,1,0,3,100.0
105,genome1_contig3:810-6367|0,TACCAACAAGAAGACATTCCCTATTCACAACGTTGAGG,CCTCAACGTTGTGAATAGGGAATGTCTTCTTGTTGGTA,genome1_contig3,810,76,1,42.10526315789474,42.10526315789474,38,38,4,3,2,2,3,1,5,1,2,2,3,4,1,5,2,3,3,2,1,5,1,2,0,0,5,1,1,3,1,1,2,1,93.49206
106,genome1_contig3:876-6436|0,TATTTGGAAGAATACTACAACTGCTAGTCCTACCAATGGCG,CGCCATTGGTAGGACTAGCAGTTGTAGTATTCTTCCAAATA,genome1_contig3,876,82,1,41.46341463414634,41.46341463414634,41,41,4,1,3,3,2,4,4,1,5,5,1,4,3,2,1,2,2,1,1,4,2,2,2,2,2,3,4,2,1,1,2,2,100.0
107,genome1_contig3:917-6472|0,CAACCAATCAGCGTTTCGTTGACAATAAGCCAGAAA,TTTCTGGCTTATTGTCAACGAAACGCTGATTGGTTG,genome1_contig3,917,72,1,41.666666666666664,41.666666666666664,36,36,5,2,2,2,3,0,2,2,1,1,2,5,1,5,2,2,2,2,2,2,0,2,2,2,5,1,0,3,2,2,2,0,100.0
108,genome1_contig3:988-6548|0,AACTATAAAGATGCAAAATTAAACGCTGAGACAGAGCAGGG,CCCTGCTCTGTCTCAGCGTTTAATTTTGCATCTTTATAGTT,genome1_contig3,988,82,1,39.02439024390244,39.02439024390244,41,41,5,1,3,3,5,2,3,0,3,3,1,5,2,3,0,4,4,0,0,3,1,0,3,3,3,2,2,5,1,1,0,1,100.0
109,genome1_contig3:1033-6590|0,ACTGATAGAAAAGCGGAGTTCAACTATGTCGCAAAAGA,TCTTTTGCGACATAGTTGAACTCCGCTTTTCTATCAGT,genome1_contig3,1033,76,1,39.473684210526315,39.473684210526315,38,38,5,1,2,2,4,2,2,2,2,2,1,5,2,2,2,4,4,2,2,2,1,0,2,2,2,2,2,4,2,2,0,1,100.0
110,genome1_contig3:1071-6627|0,TAAATTGACTGCAGAACTTGGTACTCCACTGTACTGC,GCAGTACAGTGGAGTACCAAGTTCTGCAGTCAATTTA,genome1_contig3,1071,74,1,43.24324324324324,43.24324324324324,37,37,2,2,1,1,1,5,5,2,3,3,2,2,5,2,1,2,2,1,2,5,1,1,2,2,2,5,5,1,0,0,1,1,96.04192
111,genome1_contig3:1108-6665|0,CTCGAGAATACATTCAACCTCGACAATATGATGCAGGG,CCCTGCATCATATTGTCGAGGTTGAATGTATTCTCGAG,genome1_contig3,1108,76,1,44.73684210526316,44.73684210526316,38,38,3,1,5,5,2,2,3,0,2,2,1,3,2,4,3,4,4,3,0,3,1,1,1,1,4,2,2,2,2,2,1,1,98.70737
112,genome1_contig3:1146-6701|0,ACAGACCACTCGCGTCATCTTCAAGGCTAAATATAC,GTATATTTAGCCTTGAAGATGACGCGAGTGGTCTGT,genome1_contig3,1146,72,1,44.44444444444444,44.44444444444444,36,36,2,1,3,3,2,3,4,1,3,3,1,2,0,4,4,1,1,4,1,4,1,1,2,2,4,0,3,2,2,2,1,1,99.384766
113,genome1_contig3:1216-6776|0,AAAATCGGAAAGAATGTACAGCTTTGGAAACAGGATGATCT,AGATCATCCTGTTTCCAAAGCTGTACATTCTTTCCGATTTT,genome1_contig3,1216,82,1,36.58536585365854,36.58536585365854,41,41,5,1,4,4,3,2,2,1,1,1,1,5,3,2,2,5,5,2,1,2,3,0,1,1,2,3,2,3,1,1,0,3,100.0
114,genome1_contig3:1257-6812|0,TGAGAAGCATATCAAGGCCGCTGTTACCAATGTTGT,ACAACATTGGTAACAGCGGCCTTGATATGCTTCTCA,genome1_contig3,1257,72,1,44.44444444444444,44.44444444444444,36,36,3,2,3,3,3,1,1,3,2,2,2,3,4,3,1,2,2,1,3,1,1,2,3,3,3,4,1,3,1,1,2,1,100.0
115,genome1_contig3:1293-6848|0,TGCCTCTGCAACTGATGCAAATACAACCATCACATT,AATGTGATGGTTGTATTTGCATCAGTTGCAGAGGCA,genome1_contig3,1293,72,1,41.666666666666664,41.666666666666664,36,36,3,1,4,4,0,3,4,0,1,1,1,3,4,6,2,1,1,2,0,4,0,2,3,3,6,4,3,0,0,0,2,0,100.0
116,genome1_contig3:1329-6884|0,GGCAGGTTCAGACAATGATTTGACAAAGGCTGGAAA,TTTCCAGCCTTTGTCAAATCATTGTCTGAACCTGCC,genome1_contig3,1329,72,1,44.44444444444444,44.44444444444444,36,36,3,2,2,2,3,1,2,1,0,0,2,3,3,4,1,4,4,1,1,2,4,0,2,2,4,3,1,3,0,0,0,4,100.0
117,genome1_contig3:1404-6964|0,TACTCTTCAACCTGCTGATGTAAAGGCTATTAACGTCAAGT,ACTTGACGTTAATAGCCTTTACATCAGCAGGTTGAAGAGTA,genome1_contig3,1404,82,1,39.02439024390244,39.02439024390244,41,41,4,2,2,2,2,5,3,3,4,4,2,4,3,2,3,1,1,3,3,3,1,1,2,2,2,3,5,2,1,1,1,1,98.237785
118,genome1_contig3:1445-7005|0,TAGGTCTTTCTGAAGGTAATGGTATCAGCACTTACGAAAGT,ACTTTCGTAAGTGCTGATACCATTACCTTCAGAAAGACCTA,genome1_contig3,1445,82,1,39.02439024390244,39.02439024390244,41,41,3,2,2,2,4,3,2,4,4,4,2,3,2,2,3,2,2,3,4,2,3,0,1,1,2,2,3,4,1,1,0,3,97.9631
119,genome1_contig3:1486-7041|0,GGAGAATCTTACTACATTGCCCGCATCAAGCACTTC,GAAGTGCTTGATGCGGGCAATGTAGTAAGATTCTCC,genome1_contig3,1486,72,1,47.22222222222222,47.22222222222222,36,36,2,3,3,3,2,3,3,0,2,2,3,2,1,4,3,2,2,3,0,3,1,1,3,3,4,1,3,2,1,1,1,1,100.0
120,genome1_contig3:1522-7077|0,GGCGATGTCTTGACTCCTTGGAAGGCTGGTAATAGC,GCTATTACCAGCCTTCCAAGGAGTCAAGACATCGCC,genome1_contig3,1522,72,1,52.77777777777778,52.77777777777778,36,36,2,2,2,2,2,4,1,2,2,2,2,2,4,0,2,3,3,2,2,1,4,1,3,3,0,4,4,2,1,1,1,4,100.0
121,genome1_contig3:1558-7115|0,TACGGTACAGATAATCTTGCATACTTGGGGCGTTATGG,CCATAACGCCCCAAGTATGCAAGATTATCTGTACCGTA,genome1_contig3,1558,76,1,44.73684210526316,44.73684210526316,38,38,1,3,4,4,1,2,3,2,5,5,3,1,3,2,1,1,1,1,2,3,4,0,2,2,2,3,2,1,2,2,0,4,100.0
122,genome1_contig3:1596-7155|0,TGTACTCCGTAACAACTGGTATGAATTGGATGTACAAAGC,GCTTTGTACATCCAATTCATACCAGTTGTTACGGAGTACA,genome1_contig3,1596,80,1,40.0,40.0,40,40,4,1,3,3,1,2,4,4,4,4,1,4,5,2,1,2,2,1,4,4,2,1,1,1,2,5,2,1,1,1,1,2,99.852905
123,genome1_contig3:1636-7191|0,GTTAGCGGTCCTGGTTATCCTGATGTTCCAGATGTT,AACATCTGGAACATCAGGATAACCAGGACCGCTAAC,genome1_contig3,1636,72,1,47.22222222222222,47.22222222222222,36,36,0,4,3,3,2,2,0,5,2,2,4,0,4,1,3,2,2,3,5,0,2,3,1,1,1,4,2,2,1,1,3,2,99.97183
124,genome1_contig3:1672-7227|0,AAGCCTAACACTCAAGACGATGAGAACGACATGTAC,GTACATGTCGTTCTCATCGTCTTGAGTGTTAGGCTT,genome1_contig3,1672,72,1,44.44444444444444,44.44444444444444,36,36,4,0,2,2,3,2,6,1,2,2,0,4,2,3,1,5,5,1,1,6,0,1,1,1,3,2,2,3,2,2,1,0,95.92601
125,genome1_contig3:1708-7263|0,ATCAACGTCAGCGTGAAGATCCTCAGCTGGGCTAAG,CTTAGCCCAGCTGAGGATCTTCACGCTGACGTTGAT,genome1_contig3,1708,72,1,52.77777777777778,52.77777777777778,36,36,3,0,2,2,4,3,1,2,1,1,0,3,2,3,4,2,2,4,2,1,1,1,3,3,3,2,3,4,2,2,1,1,100.0
126,genome1_contig3:1751-7311|0,AGAAGGTAGATTTGTAATAGCGTAATAACAACGAAAGGCGG,CCGCCTTTCGTTGTTATTACGCTATTACAAATCTACCTTCT,genome1_contig3,1751,82,1,39.02439024390244,39.02439024390244,41,41,6,1,3,3,5,0,2,3,5,5,1,6,1,1,0,3,3,0,3,2,3,0,2,2,1,1,0,5,3,3,0,3,100.0
127,genome1_contig3:1792-7347|0,AGCTTAGGCTCCCGCCTTCGTTCAACCATACGAGTT,AACTCGTATGGTTGAACGAAGGCGGGAGCCTAAGCT,genome1_contig3,1792,72,1,52.77777777777778,52.77777777777778,36,36,1,4,1,1,3,3,2,2,2,2,4,1,0,2,3,1,1,3,2,2,1,3,3,3,2,0,3,3,3,3,3,1,100.0
128,genome1_contig3:1828-7383|0,GTGTTTTCTGCTTCACCATAGCGGAAAGCCAGAAAC,GTTTCTGGCTTTCCGCTATGGTGAAGCAGAAAACAC,genome1_contig3,1828,72,1,47.22222222222222,47.22222222222222,36,36,2,3,1,1,3,2,2,2,1,1,3,2,2,3,2,2,2,2,2,2,1,2,3,3,3,2,2,3,1,1,2,1,100.0
129,genome1_contig3:1899-7459|0,AACCAAACAGCATCATGGCAAACAATAAGTTACATAGTTGG,CCAACTATGTAACTTATTGTTTGCCATGATGCTGTTTGGTT,genome1_contig3,1899,82,1,36.58536585365854,36.58536585365854,41,41,5,2,4,4,3,0,4,2,3,3,2,5,2,7,1,0,0,1,2,4,2,1,2,2,7,2,0,3,0,0,1,2,100.0
130,genome1_contig3:1940-7495|0,ATCAAGAAGATACGCATGGAATGGGGATTCGACAGC,GCTGTCGAATCCCCATTCCATGCGTATCTTCTTGAT,genome1_contig3,1940,72,1,47.22222222222222,47.22222222222222,36,36,3,1,5,5,3,0,2,0,1,1,1,3,2,3,2,5,5,2,0,2,3,0,2,2,3,2,0,3,2,2,0,3,98.59911
131,genome1_contig3:1976-7531|0,TTGACATCAATCAGCCGCACGACAGCATTCAGCAGC,GCTGCTGAATGCTGTCGTGCGGCTGATTGATGTCAA,genome1_contig3,1976,72,1,52.77777777777778,52.77777777777778,36,36,1,2,3,3,4,0,3,0,0,0,2,1,1,8,3,2,2,3,0,3,0,1,5,5,8,1,0,4,2,2,1,0,100.0
132,genome1_contig3:2012-7567|0,ATCGTCGCTCTAGGCAGTATGCTCAGCAGCTGCAAC,GTTGCAGCTGCTGAGCATACTGCCTAGAGCGACGAT,genome1_contig3,2012,72,1,55.55555555555556,55.55555555555556,36,36,1,0,2,2,4,4,1,2,2,2,0,1,2,4,4,0,0,4,2,1,1,0,6,6,4,2,4,4,2,2,0,1,99.56142
133,genome1_contig3:2048-7603|0,GACTTGATGCACGACGACCTCCCTCCTTGCGATATG,CATATCGCAAGGAGGGAGGTCGTCGTGCATCAAGTC,genome1_contig3,2048,72,1,55.55555555555556,55.55555555555556,36,36,0,2,3,3,0,4,4,0,1,1,2,0,4,1,2,5,5,2,0,4,0,3,2,2,1,4,4,0,3,3,3,0,100.0
134,genome1_contig3:2084-7639|0,GGAGTTGACTTGCAGTTCAAGTACGACTACAACGTC,GACGTTGTAGTCGTACTTGAACTGCAAGTCAACTCC,genome1_contig3,2084,72,1,47.22222222222222,47.22222222222222,36,36,2,3,0,0,3,2,5,4,2,2,3,2,2,3,2,3,3,2,4,5,1,0,1,1,3,2,2,3,2,2,0,1,99.30163
135,genome1_contig3:2120-7675|0,CAGCGCGCTGATATGTTCAATGATCATGTAGGCGGA,TCCGCCTACATGATCATTGAACATATCAGCGCGCTG,genome1_contig3,2120,72,1,50.0,50.0,36,36,1,1,5,5,2,1,0,2,2,2,1,1,4,3,2,3,3,2,2,0,2,0,4,4,3,4,1,2,3,3,0,2,100.0
136,genome1_contig3:2156-7711|0,GTCTGCGTGTTCATCTTCGATGAGCAGGGCAACCTA,TAGGTTGCCCTGCTCATCGAAGATGAACACGCAGAC,genome1_contig3,2156,72,1,52.77777777777778,52.77777777777778,36,36,1,2,2,2,2,3,1,3,1,1,2,1,3,3,4,2,2,4,3,1,1,1,3,3,3,3,3,2,2,2,1,1,100.0
137,genome1_contig3:2231-7786|0,CCCCTCAAAGACCCTAACTATGCCATGCGCATAGAC,GTCTATGCGCATGGCATAGTTAGGGTCTTTGAGGGG,genome1_contig3,2231,72,1,52.77777777777778,52.77777777777778,36,36,2,0,3,3,2,3,3,0,3,3,0,2,2,3,1,2,2,1,0,3,0,4,3,3,3,2,3,2,1,1,4,0,100.0
138,genome1_contig3:2277-7835|0,GCAAATACCGCTTCGCCACCTTCGCCTTCCAGAAGAAAT,ATTTCTTCTGGAAGGCGAAGGTGGCGAAGCGGTATTTGC,genome1_contig3,2277,78,1,51.282051282051285,51.282051282051285,39,39,3,3,2,2,2,3,2,0,1,1,3,3,0,3,3,2,2,3,0,2,0,5,4,4,3,0,3,2,3,3,5,0,100.0
139,genome1_contig3:2341-7896|0,GAGGAGGACGAGCGCCGACCAGAAGATCTCGTAGAG,CTCTACGAGATCTTCTGGTCGGCGCTCGTCCTCCTC,genome1_contig3,2341,72,1,61.111111111111114,61.111111111111114,36,36,1,0,1,1,7,1,2,1,1,1,0,1,0,1,2,8,8,2,1,2,2,2,2,2,1,0,1,7,4,4,2,2,100.0
140,genome1_contig3:2341-7896|0,GAGGAGGACGAGCGCCGACCAGAAGATCTCGTAGAG,CTCTACGAGATCTTCTGGTCGGCGCTCGTCCTCCTC,genome3_contig1,193,72,1,61.111111111111114,61.111111111111114,36,36,1,0,1,1,7,1,2,1,1,1,0,1,0,1,2,8,8,2,1,2,2,2,2,2,1,0,1,7,4,4,2,2,100.0
141,genome1_contig3:2377-7932|0,AGAAAGCATCGAAGCCCTCCGTGCACTCGACAGAAA,TTTCTGTCGAGTGCACGGAGGGCTTCGATGCTTTCT,genome1_contig3,2377,72,1,52.77777777777778,52.77777777777778,36,36,3,0,1,1,4,2,2,1,0,0,0,3,1,3,3,4,4,3,1,2,0,2,3,3,3,1,2,4,3,3,2,0,99.55701
142,genome1_contig3:2413-7968|0,TGCCGGAAAGGTAGAAAACCAGGCACTTCCGCTTGA,TCAAGCGGAAGTGCCTGGTTTTCTACCTTTCCGGCA,genome1_contig3,2413,72,1,52.77777777777778,52.77777777777778,36,36,3,2,0,0,3,2,2,1,1,1,2,3,2,2,1,3,3,1,1,2,3,3,3,3,2,2,2,3,2,2,3,3,98.54898
143,genome1_contig3:2449-8004|0,TACCCTCTGGCAGGGATTGAGCAACGAAACGGTAGA,TCTACCGTTTCGTTGCTCAATCCCTGCCAGAGGGTA,genome1_contig3,2449,72,1,52.77777777777778,52.77777777777778,36,36,2,1,1,1,3,2,3,1,2,2,1,2,2,2,1,4,4,1,1,3,3,1,2,2,2,2,2,3,2,2,1,3,98.82203
144,genome1_contig3:2485-8040|0,GGTGAAAGACCTTCAGGTTACCCACCATACCATCAG,CTGATGGTATGGTGGGTAACCTGAAGGTCTTTCACC,genome1_contig3,2485,72,1,50.0,50.0,36,36,1,2,2,2,3,1,4,2,2,2,2,1,1,5,2,2,2,2,2,4,2,4,0,0,5,1,1,3,0,0,4,2,97.68432
145,genome1_contig3:2521-8076|0,TCTCATCAGAGACACCAAGCAGCTCACCATCAGTCT,AGACTGATGGTGAGCTGCTTGGTGTCTCTGATGAGA,genome1_contig3,2521,72,1,50.0,50.0,36,36,1,0,2,2,5,3,3,1,0,0,0,1,0,8,6,2,2,6,1,3,0,2,2,2,8,0,3,5,0,0,2,0,100.0
146,genome1_contig3:2567-8122|0,GACGATCCAGCCAACATCCAAGCCGACGACTTCAGT,ACTGAAGTCGTCGGCTTGGATGTTGGCTGGATCGTC,genome1_contig3,2567,72,1,55.55555555555556,55.55555555555556,36,36,2,1,2,2,3,1,4,1,0,0,1,2,0,5,3,4,4,3,1,4,0,4,2,2,5,0,1,3,3,3,4,0,100.0
147,genome1_contig3:2603-8161|0,TATCAGATAACCGATGCCAATGGCTACATCAATTACGAC,GTCGTAATTGATGTAGCCATTGGCATCGGTTATCTGATA,genome1_contig3,2603,78,1,41.02564102564103,41.02564102564103,39,39,3,1,6,6,1,1,4,0,4,4,1,3,2,4,2,3,3,2,0,4,1,2,2,2,4,2,1,1,2,2,2,1,100.0
148,genome1_contig3:2642-8197|0,AATTCTCTCCTCCCAGACGAGGAGTTGACATACACC,GGTGTATGTCAACTCCTCGTCTGGGAGGAGAGAATT,genome1_contig3,2642,72,1,50.0,50.0,36,36,1,2,2,2,3,3,4,1,1,1,2,1,1,3,4,4,4,4,1,4,1,3,0,0,3,1,3,3,1,1,3,1,94.988174
149,genome1_contig3:2678-8233|0,CCTTACAAGACCTGGAACACCGAGTTCACCACTCCG,CGGAGTGGTGAACTCGGTGTTCCAGGTCTTGTAAGG,genome1_contig3,2678,72,1,55.55555555555556,55.55555555555556,36,36,2,2,0,0,2,3,6,1,1,1,2,2,1,4,2,3,3,2,1,6,1,5,0,0,4,1,3,2,2,2,5,1,91.11594
150,genome1_contig3:2763-8318|0,GCCTCGTGTTGCATCCCGTAACCGAGAACGACAAGA,TCTTGTCGTTCTCGGTTACGGGATGCAACACGAGGC,genome1_contig3,2763,72,1,55.55555555555556,55.55555555555556,36,36,3,1,1,1,2,1,3,3,1,1,1,3,2,2,2,4,4,2,3,3,0,3,2,2,2,2,1,2,4,4,3,0,100.0
151,genome1_contig3:2799-8354|0,ATGCGATACTGAGCATCTGGAACAAGAAGACGGGCG,CGCCCGTCTTCTTGTTCCAGATGCTCAGTATCGCAT,genome1_contig3,2799,72,1,52.77777777777778,52.77777777777778,36,36,3,0,3,3,3,2,3,0,1,1,0,3,3,2,1,5,5,1,0,3,2,0,3,3,2,3,2,3,3,3,0,2,100.0
152,genome1_contig3:2835-8390|0,AAGAGGTGGTCCGCATCAATCTTGCCGATTGTCTCG,CGAGACAATCGGCAAGATTGATGCGGACCACCTCTT,genome1_contig3,2835,72,1,52.77777777777778,52.77777777777778,36,36,2,2,3,3,2,2,0,3,0,0,2,2,3,2,5,2,2,5,3,0,2,2,2,2,2,3,2,2,3,3,2,2,100.0
153,genome1_contig3:2871-8426|0,CCCAAGGCAGAGGAGCCTTCGAGAACATAAACTATT,AATAGTTTATGTTCTCGAAGGCTCCTCTGCCTTGGG,genome1_contig3,2871,72,1,47.22222222222222,47.22222222222222,36,36,3,2,2,2,5,2,2,0,2,2,2,3,0,3,1,4,4,1,0,2,2,2,2,2,3,0,2,5,1,1,2,2,100.0
154,genome1_contig3:2907-8462|0,CTGCCCAGGAATTCCTGGATAGAGAATACGACTACA,TGTAGTCGTATTCTCTATCCAGGAATTCCTGGGCAG,genome1_contig3,2907,72,1,47.22222222222222,47.22222222222222,36,36,2,1,3,3,3,3,3,0,3,3,1,2,2,2,1,5,5,1,0,3,2,2,1,1,2,2,3,3,1,1,2,2,98.35628
155,genome1_contig3:2943-8500|0,AGCTCGACTTCTTCCTCAAAGGCGACCAGTGGCAGTAT,ATACTGCCACTGGTCGCCTTTGAGGAAGAAGTCGAGCT,genome1_contig3,2943,76,1,52.63157894736842,52.63157894736842,38,38,1,2,1,1,4,4,2,2,1,1,2,1,1,3,4,2,2,4,2,2,2,2,3,3,3,1,4,4,2,2,2,2,99.831825
156,genome1_contig3:2981-8536|0,ATGCAACTCGGCATCTCCATCCTCGACTGGAGCAAG,CTTGCTCCAGTCGAGGATGGAGATGCCGAGTTGCAT,genome1_contig3,2981,72,1,55.55555555555556,55.55555555555556,36,36,2,0,3,3,2,4,2,0,0,0,0,2,2,4,5,2,2,5,0,2,2,2,3,3,4,2,4,2,2,2,2,2,100.0
157,genome1_contig3:3017-8577|0,CGCATACAGCGTGCCGACTTATAATCATAAATCATTCATCG,CGATGAATGATTTATGATTATAAGTCGGCACGCTGTATGCG,genome1_contig3,3017,82,1,41.46341463414634,41.46341463414634,41,41,2,2,7,7,1,1,2,1,4,4,2,2,1,5,4,1,1,4,1,2,0,1,3,3,5,1,1,1,4,4,1,0,100.0
158,genome1_contig3:3137-8697|0,TGGTTGTTGACTAGTTTATTTGCAGTTAGTTGTAACGACGA,TCGTCGTTACAACTAACTGCAAATAAACTAGTCAACAACCA,genome1_contig3,3137,82,1,36.58536585365854,36.58536585365854,41,41,1,6,1,1,3,1,3,6,4,4,6,1,5,1,0,3,3,0,6,3,1,0,1,1,1,5,1,3,2,2,0,1,97.55502
159,genome1_contig3:3178-8733|0,GTTGGAGGGTGAAGGATACTCCTTCAACTCGTCTAG,CTAGACGAGTTGAAGGAGTATCCTTCACCCTCCAAC,genome1_contig3,3178,72,1,50.0,50.0,36,36,2,2,1,1,3,4,2,3,2,2,2,2,2,1,4,3,3,4,3,2,3,1,0,0,1,2,4,3,1,1,1,3,96.65251
160,genome1_contig3:3255-8810|0,GCAAGGCATTCAGCGGCAGTTCCTCTGAGGTTCCTA,TAGGAACCTCAGAGGAACTGCCGCTGAATGCCTTGC,genome1_contig3,3255,72,1,55.55555555555556,55.55555555555556,36,36,1,3,1,1,4,3,0,2,1,1,3,1,1,4,4,1,1,4,2,0,3,2,4,4,4,1,3,4,1,1,2,3,100.0
161,genome1_contig3:3291-8847|0,CCTATAATGCCACGGTAGATGAATGCCAGATCAATGA,TCATTGATCTGGCATTCATCTACCGTGGCATTATAGG,genome1_contig3,3291,74,1,43.24324324324324,43.24324324324324,37,37,3,0,6,6,2,1,1,1,3,3,0,3,4,3,1,4,4,1,1,1,1,3,2,2,3,4,1,2,1,1,3,1,100.0
162,genome1_contig3:3328-8883|0,TCTTCGCCTCTACGCCTTTCCTGTAGATGGTAACGG,CCGTTACCATCTACAGGAAAGGCGTAGAGGCGAAGA,genome1_contig3,3328,72,1,52.77777777777778,52.77777777777778,36,36,1,2,1,1,1,5,2,2,3,3,2,1,2,0,4,1,1,4,2,2,2,3,2,2,0,2,5,1,3,3,3,2,100.0
163,genome1_contig3:3364-8919|0,TAAGCTCGTAGCAGAGAATCTTCCTGCGCCTTTGGC,GCCAAAGGCGCAGGAAGATTCTCTGCTACGAGCTTA,genome1_contig3,3364,72,1,52.77777777777778,52.77777777777778,36,36,2,2,1,1,4,4,0,1,2,2,2,2,2,1,3,2,2,3,1,0,1,2,5,5,1,2,4,4,2,2,2,1,98.64513
164,genome1_contig3:3400-8955|0,AAGCATGATGCTGGAAGAAAACGTTGCCAATTATCA,TGATAATTGGCAACGTTTTCTTCCAGCATCATGCTT,genome1_contig3,3400,72,1,38.888888888888886,38.888888888888886,36,36,5,2,4,4,2,1,1,1,1,1,2,5,4,3,1,3,3,1,1,1,1,1,3,3,3,4,1,2,1,1,1,1,99.642555
165,genome1_contig3:3436-8991|0,GCTCACCATCGAGCCAGGCAAATACCATGTCTATGT,ACATAGACATGGTATTTGCCTGGCTCGATGGTGAGC,genome1_contig3,3436,72,1,50.0,50.0,36,36,1,0,4,4,2,2,2,2,2,2,0,1,2,5,3,1,1,3,2,2,1,3,3,3,5,2,2,2,1,1,3,1,100.0
166,genome1_contig3:3483-9043|0,TGAGTGATGTCTTGAAAGACAAGGATATCACTACAGAAGGT,ACCTTCTGTAGTGATATCCTTGTCTTTCAAGACATCACTCA,genome1_contig3,3483,82,1,39.02439024390244,39.02439024390244,41,41,3,1,3,3,5,2,3,3,2,2,1,3,4,3,2,6,6,2,3,3,2,0,0,0,3,4,2,5,0,0,0,2,100.0
167,genome1_contig3:3532-9087|0,AAAACTGGTACTAGGATATGCTTCCAACCTGACCCC,GGGGTCAGGTTGGAAGCATATCCTAGTACCAGTTTT,genome1_contig3,3532,72,1,47.22222222222222,47.22222222222222,36,36,3,1,2,2,1,4,4,1,3,3,1,3,3,1,1,2,2,1,1,4,2,4,1,1,1,3,4,1,0,0,4,2,99.364914
168,genome1_contig3:3568-9126|0,AGGTTTACCTGTCTCCACCAATATCCCAATGATATACGA,TCGTATATCATTGGGATATTGGTGGAGACAGGTAAACCT,genome1_contig3,3568,78,1,41.02564102564103,41.02564102564103,39,39,2,1,5,5,1,2,3,2,4,4,1,2,2,3,3,2,2,3,2,3,1,4,0,0,3,2,2,1,1,1,4,1,100.0
169,genome1_contig3:3607-9162|0,GCCAAAGGATATCAGTGGCAATGCACTCGTAACAGA,TCTGTTACGAGTGCATTGCCACTGATATCCTTTGGC,genome1_contig3,3607,72,1,47.22222222222222,47.22222222222222,36,36,3,0,3,3,3,1,2,2,2,2,0,3,2,5,2,2,2,2,2,2,2,1,3,3,5,2,1,3,1,1,1,2,100.0
170,genome1_contig3:3643-9203|0,AATCAAGGCAACAGATAAATCAGCAACTGTTATCGCAAATC,GATTTGCGATAACAGTTGCTGATTTATCTGTTGCCTTGATT,genome1_contig3,3643,82,1,36.58536585365854,36.58536585365854,41,41,6,1,5,5,3,1,2,1,2,2,1,6,1,6,4,1,1,4,1,2,1,0,3,3,6,1,1,3,1,1,0,1,100.0
171,genome1_contig3:3685-9245|0,GAAGTTCACTTGCGTCAAGGTAAAGTTGAATCTCATTTTCG,CGAAAATGAGATTCAACTTTACCTTGACGCAAGTGAACTTC,genome1_contig3,3685,82,1,39.02439024390244,39.02439024390244,41,41,4,5,2,2,3,2,1,4,1,1,5,4,2,3,5,2,2,5,4,1,1,0,1,1,3,2,2,3,2,2,0,1,100.0
172,genome1_contig3:3726-9281|0,ATCCAGCTGTAGCAACTGTATTTAGCGGCAAAAGTT,AACTTTTGCCGCTAAATACAGTTGCTACAGCTGGAT,genome1_contig3,3726,72,1,41.666666666666664,41.666666666666664,36,36,3,2,2,2,4,2,1,3,3,3,2,3,2,3,1,0,0,1,3,1,1,1,4,4,3,2,2,4,1,1,1,1,100.0
173,genome1_contig3:3762-9321|0,TTTTGATTAAGAACATTCTTGCGCAGCAGTTAACTCCAAG,CTTGGAGTTAACTGCTGCGCAAGAATGTTCTTAATCAAAA,genome1_contig3,3762,80,1,37.5,37.5,40,40,4,6,2,2,4,2,2,1,2,2,6,4,2,4,2,2,2,2,1,2,0,1,3,3,4,2,2,4,1,1,1,0,100.0
174,genome1_contig3:3802-9357|0,CACATCTCTATGCTGGGATGGATATTTCAGCCAGTC,GACTGGCTGAAATATCCATCCCAGCATAGAGATGTG,genome1_contig3,3802,72,1,47.22222222222222,47.22222222222222,36,36,0,1,5,5,2,3,1,1,2,2,1,0,3,4,4,2,2,4,1,1,2,1,2,2,4,3,3,2,0,0,1,2,99.419
175,genome1_contig3:3838-9395|0,TCAGGTTTCTGATGACTATGCAAAAGGTTTTGAGAGCA,TGCTCTCAAAACCTTTTGCATAGTCATCAGAAACCTGA,genome1_contig3,3838,76,1,39.473684210526315,39.473684210526315,38,38,2,3,2,2,4,2,1,2,1,1,3,2,4,3,2,4,4,2,2,1,2,0,2,2,3,4,2,4,0,0,0,2,100.0
176,genome1_contig3:3876-9435|0,AGGAATATGATGTAAACTCTACCAGTAACAGCAATGGCCT,AGGCCATTGCTGTTACTGGTAGAGTTTACATCATATTCCT,genome1_contig3,3876,80,1,40.0,40.0,40,40,4,0,4,4,3,3,3,2,4,4,0,4,3,3,1,2,2,1,2,3,2,2,2,2,3,3,3,3,0,0,2,2,100.0
177,genome1_contig3:3916-9471|0,TTACTATCAGGGAGATGATGCGTGGACACGAAATGA,TCATTTCGTGTCCACGCATCATCTCCCTGATAGTAA,genome1_contig3,3916,72,1,44.44444444444444,44.44444444444444,36,36,1,1,4,4,2,1,3,1,2,2,1,1,4,2,1,6,6,1,1,3,2,0,1,1,2,4,1,2,2,2,0,2,100.0
178,genome1_contig3:3952-9509|0,TGCCAACGCAAATATAAACGACCAAGATGTAATCACCC,GGGTGATTACATCTTGGTCGTTTATATTTGCGTTGGCA,genome1_contig3,3952,76,1,42.10526315789474,42.10526315789474,38,38,5,0,4,4,1,0,4,1,3,3,0,5,2,4,1,2,2,1,1,4,0,3,2,2,4,2,0,1,2,2,3,0,100.0
179,genome1_contig3:3994-9549|0,AAAAGGAGCTTCAGGCTCTGTCAATCCTACAAATGC,GCATTTGTAGGATTGACAGAGCCTGAAGCTCCTTTT,genome1_contig3,3994,72,1,44.44444444444444,44.44444444444444,36,36,4,1,2,2,3,4,1,1,1,1,1,4,2,3,4,1,1,4,1,1,2,1,3,3,3,2,4,3,0,0,1,2,100.0
180,genome1_contig3:4045-9601|0,TTTTCAGGGCACATACTATTTGCCGGAGAGATACATC,GATGTATCTCTCCGGCAAATAGTATGTGCCCTGAAAA,genome1_contig3,4045,74,1,43.24324324324324,43.24324324324324,37,37,0,3,4,4,3,1,3,0,3,3,3,0,1,4,2,3,3,2,0,3,2,1,2,2,4,1,1,3,1,1,1,2,100.0
181,genome1_contig3:4082-9637|0,GCCAATGCTTCCCAGCAGTCACGACTGGCTATTGAA,TTCAATAGCCAGTCGTGACTGCTGGGAAGCATTGGC,genome1_contig3,4082,72,1,52.77777777777778,52.77777777777778,36,36,2,2,2,2,2,3,2,1,1,1,2,2,3,4,2,2,2,2,1,2,1,2,4,4,4,3,3,2,1,1,2,1,98.52962
182,genome1_contig3:4156-9716|0,TCCATTAGGTCACAAGCAGAATGAAAGTTCTACTACAGAGC,GCTCTGTAGTAGAACTTTCATTCTGCTTGTGACCTAATGGA,genome1_contig3,4156,82,1,41.46341463414634,41.46341463414634,41,41,3,2,2,2,6,2,3,2,3,3,2,3,1,5,3,3,3,3,2,3,1,1,2,2,5,1,2,6,0,0,1,1,99.12875
183,genome1_contig3:4197-9752|0,TTCCAACCTTTCCTCGTGGCACCTACTACGAGATTA,TAATCTCGTAGTAGGTGCCACGAGGAAAGGTTGGAA,genome1_contig3,4197,72,1,47.22222222222222,47.22222222222222,36,36,1,3,1,1,1,4,4,1,3,3,3,1,1,2,3,2,2,3,1,4,1,4,1,1,2,1,4,1,2,2,4,1,100.0
184,genome1_contig3:4233-9788|0,TCGGCAAGATCAAGAGTCTGGGAAACGCAACCCTCG,CGAGGGTTGCGTTTCCCAGACTCTTGATCTTGCCGA,genome1_contig3,4233,72,1,55.55555555555556,55.55555555555556,36,36,4,0,1,1,3,2,2,1,0,0,0,4,1,3,4,3,3,4,1,2,2,1,2,2,3,1,2,3,3,3,1,2,100.0
185,genome1_contig3:4269-9824|0,ACTGTAATGTGAGCGTAAAGGACTGGACTCCTGTAA,TTACAGGAGTCCAGTCCTTTACGCTCACATTACAGT,genome1_contig3,4269,72,1,44.44444444444444,44.44444444444444,36,36,3,0,1,1,2,4,3,4,3,3,0,3,5,0,1,3,3,1,4,3,2,1,1,1,0,5,4,2,1,1,1,2,100.0
186,genome1_contig3:4305-9861|0,AGATAGATGCCGACTTCAACCATACTACATTGTGGGT,ACCCACAATGTAGTATGGTTGAAGTCGGCATCTATCT,genome1_contig3,4305,74,1,43.24324324324324,43.24324324324324,37,37,1,2,4,4,2,2,4,2,3,3,2,1,3,3,1,3,3,1,2,4,1,2,1,1,3,3,2,2,1,1,2,1,100.0
187,genome1_contig3:4342-9897|0,AAGCAAGACGGAGGCTAATGTGACCTCTACGACAAA,TTTGTCGTAGAGGTCACATTAGCCTCCGTCTTGCTT,genome1_contig3,4342,72,1,47.22222222222222,47.22222222222222,36,36,4,0,1,1,3,3,4,1,2,2,0,4,2,2,1,4,4,1,1,4,2,1,2,2,2,2,3,3,2,2,1,2,99.67678
188,genome1_contig3:4433-9992|0,AAAATAGACTCAAAAGACATCATCAAAGGCATCAAACGCG,CGCGTTTGATGCCTTTGATGATGTCTTTTGAGTCTATTTT,genome1_contig3,4433,80,1,37.5,37.5,40,40,6,0,4,4,3,1,3,0,1,1,0,6,0,6,4,2,2,4,0,3,1,0,2,2,6,0,1,3,2,2,0,1,95.10144
189,genome1_contig3:4473-10029|0,GTAAAGACGCTAACGGCAATGATAGCATCGAGTTTCG,CGAAACTCGATGCTATCATTGCCGTTAGCGTCTTTAC,genome1_contig3,4473,74,1,45.945945945945944,45.945945945945944,37,37,3,1,3,3,3,1,2,2,3,3,1,3,1,2,2,3,3,2,2,2,1,0,3,3,2,1,1,3,4,4,0,1,100.0
190,genome1_contig3:4514-10074|0,AATCCAGATATCCCTATTCGTGATTATGCAAAAGATCAGCG,CGCTGATCTTTTGCATAATCACGAATAGGGATATCTGGATT,genome1_contig3,4514,82,1,39.02439024390244,39.02439024390244,41,41,3,2,7,7,3,1,0,1,3,3,2,3,2,3,4,3,3,4,1,0,0,2,2,2,3,2,1,3,2,2,2,0,98.151146
191,genome1_contig3:4555-10110|0,AAAAGGCACTGCTAAGTTTTGGCTCAAGGCAAATAA,TTATTTGCCTTGAGCCAAAACTTAGCAGTGCCTTTT,genome1_contig3,4555,72,1,38.888888888888886,38.888888888888886,36,36,6,2,1,1,3,3,1,1,2,2,2,6,2,3,1,0,0,1,1,1,3,0,4,4,3,2,3,3,0,0,0,3,100.0
192,genome1_contig3:4693-10253|0,AAGAACCATAAAATGGGATACTAACCTTGGTGGTATTGTGC,GCACAATACCACCAAGGTTAGTATCCCATTTTATGGTTCTT,genome1_contig3,4693,82,1,39.02439024390244,39.02439024390244,41,41,5,2,4,4,1,2,3,3,4,4,2,5,5,1,0,2,2,0,3,3,3,2,1,1,1,5,2,1,0,0,2,3,95.59851
193,genome1_contig3:4760-10320|0,AGCTCTATCATCAAAATGAGCGTAAATTCATCGGATGATGC,GCATCATCCGATGAATTTACGCTCATTTTGATGATAGAGCT,genome1_contig3,4760,82,1,39.02439024390244,39.02439024390244,41,41,3,1,7,7,2,2,0,1,2,2,1,3,3,3,5,3,3,5,1,0,1,0,3,3,3,3,2,2,2,2,0,1,100.0
194,genome1_contig3:4801-10356|0,AACAGGAACGTTCACAGTTACAGCTAAGGAAGATCC,GGATCTTCCTTAGCTGTAACTGTGAACGTTCCTGTT,genome1_contig3,4801,72,1,44.44444444444444,44.44444444444444,36,36,4,2,1,1,5,1,4,2,2,2,2,4,0,4,2,3,3,2,2,4,2,1,1,1,4,0,1,5,1,1,1,2,100.0
195,genome1_contig3:4840-10400|0,AACAACCACCATTCATGAATTCAAGGTAACGTCAAAAGACG,CGTCTTTTGACGTTACCTTGAATTCATGAATGGTGGTTGTT,genome1_contig3,4840,82,1,39.02439024390244,39.02439024390244,41,41,7,2,3,3,2,0,5,2,1,1,2,7,1,6,3,2,2,3,2,5,1,2,0,0,6,1,0,2,2,2,2,1,87.79492
196,genome1_contig3:4881-10438|0,GCTCTAAGTCTCAGACTGTTCGTGTAACAGTTAGTCCT,AGGACTAACTGTTACACGAACAGTCTGAGACTTAGAGC,genome1_contig3,4881,76,1,44.73684210526316,44.73684210526316,38,38,2,2,0,0,4,5,2,6,3,3,2,2,2,2,5,1,1,5,6,2,0,1,1,1,2,2,5,4,1,1,1,0,96.27214
197,genome1_contig3:4923-10483|0,TCGGTGATTATCGTATCTATTTCAGAGCGATTAATGACCGC,GCGGTCATTAATCGCTCTGAAATAGATACGATAATCACCGA,genome1_contig3,4923,82,1,41.46341463414634,41.46341463414634,41,41,1,3,6,6,2,1,1,2,4,4,3,1,2,1,4,4,4,4,2,1,1,1,2,2,1,2,1,2,4,4,1,1,99.065125
198,genome1_contig3:4973-10533|0,ACTGGAGGTAACAGTTCCGATAATTTCAAGGGAATCTTAGC,GCTAAGATTCCCTTGAAATTATCGGAACTGTTACCTCCAGT,genome1_contig3,4973,82,1,41.46341463414634,41.46341463414634,41,41,4,3,3,3,4,2,2,2,3,3,3,4,1,2,3,3,3,3,2,2,3,1,1,1,2,1,2,4,1,1,1,3,98.304504
199,genome1_contig3:5014-10569|0,AGAAGGAGGTACAAACAACTGGAGCGATGGATGGAA,TTCCATCCATCGCTCCAGTTGTTTGTACCTCCTTCT,genome1_contig3,5014,72,1,47.22222222222222,47.22222222222222,36,36,4,0,2,2,4,1,3,1,1,1,0,4,3,2,0,6,6,0,1,3,5,0,1,1,2,3,1,4,1,1,0,5,98.3609
200,genome1_contig3:5050-10606|0,TGAGGATGCAAATGATAAAAGTGCCAAACCAGACAAC,GTTGTCTGGTTTGGCACTTTTATCATTTGCATCCTCA,genome1_contig3,5050,74,1,40.54054054054054,40.54054054054054,37,37,5,0,3,3,3,0,3,1,1,1,0,5,4,4,0,4,4,0,1,3,1,2,2,2,4,4,0,3,0,0,2,1,96.653885
201,genome1_contig3:5087-10647|0,CACCGCATCTATGTATATACCCAGATTGGTGAAACAGAAGA,TCTTCTGTTTCACCAATCTGGGTATATACATAGATGCGGTG,genome1_contig3,5087,82,1,41.46341463414634,41.46341463414634,41,41,2,1,5,5,3,1,3,2,4,4,1,2,3,4,1,4,4,1,2,3,1,2,1,1,4,3,1,3,1,1,2,1,99.47993
202,genome1_contig3:5152-10707|0,TTTTACGGAAGGGACCGATAGAAATGGATGGCCTGG,CCAGGCCATCCATTTCTATCGGTCCCTTCCGTAAAA,genome1_contig3,5152,72,1,50.0,50.0,36,36,2,2,3,3,2,1,2,0,2,2,2,2,3,0,0,5,5,0,0,2,5,2,1,1,0,3,1,2,2,2,2,5,100.0
203,genome1_contig3:5188-10743|0,AGATAAAATGGTGGCCGACGAGACTAACACCGGATG,CATCCGGTGTTAGTCTCGTCGGCCACCATTTTATCT,genome1_contig3,5188,72,1,50.0,50.0,36,36,3,0,3,3,2,1,4,1,2,2,0,3,3,1,0,5,5,0,1,4,3,2,1,1,1,3,1,2,3,3,2,3,100.0
204,genome1_contig3:5224-10784|0,GTATTACAAAGACTTCGGTCAATATGCGCAGTCTGTATCAA,TTGATACAGACTGCGCATATTGACCGAAGTCTTTGTAATAC,genome1_contig3,5224,82,1,39.02439024390244,39.02439024390244,41,41,3,2,4,4,2,2,2,4,4,4,2,3,2,4,4,1,1,4,4,2,1,0,2,2,4,2,2,2,2,2,0,1,99.45351
205,genome1_contig3:5267-10826|0,ACAAATGGATCAGAAGGTAAAAGAACTATTACGCCAGGTG,CACCTGGCGTAATAGTTCTTTTACCTTCTGATCCATTTGT,genome1_contig3,5267,80,1,40.0,40.0,40,40,5,1,3,3,4,1,3,2,3,3,1,5,2,3,1,3,3,1,2,3,3,1,1,1,3,2,1,4,1,1,1,3,99.420166
206,genome1_contig3:5341-10899|0,AGATCAAGGATATAGTTTACACCGCTGTCCTCATCATCT,AGATGATGAGGACAGCGGTGTAAACTATATCCTTGATCT,genome1_contig3,5341,78,1,41.02564102564103,41.02564102564103,39,39,1,1,5,5,3,3,2,2,3,3,1,1,1,4,5,2,2,5,2,2,1,2,1,1,4,1,3,3,1,1,2,1,100.0
207,genome1_contig3:5380-10935|0,AGAGCCAGGTATTCCTCTCTTCGATTATGAAGACCG,CGGTCTTCATAATCGAAGAGAGGAATACCTGGCTCT,genome1_contig3,5380,72,1,47.22222222222222,47.22222222222222,36,36,1,3,3,3,4,3,1,1,2,2,3,1,1,1,4,4,4,4,1,1,1,3,1,1,1,1,3,4,2,2,3,1,99.25267
208,genome1_contig3:5416-10971|0,TGAAGGCTGGATTGTCTATGATCCTACATCCGACCC,GGGTCGGATGTAGGATCATAGACAATCCAGCCTTCA,genome1_contig3,5416,72,1,50.0,50.0,36,36,1,1,4,4,1,3,2,1,2,2,1,1,4,1,3,4,4,3,1,2,2,3,1,1,1,4,3,1,1,1,3,2,99.72334
209,genome1_contig3:5452-11012|0,TATATGGCGTGTACATGATGATATGCCTGAAATAGAGGACA,TGTCCTCTATTTCAGGCATATCATCATGTACACGCCATATA,genome1_contig3,5452,82,1,39.02439024390244,39.02439024390244,41,41,1,0,7,7,2,1,2,2,5,5,0,1,6,2,0,5,5,0,2,2,2,1,2,2,2,6,1,2,1,1,1,2,98.683975
210,genome1_contig4:1-6876|0,AGCTCTTACAGATTTAAAGCCTTCAGGACGACGGGT,ACCCGTCGTCCTGAAGGCTTTAAATCTGTAAGAGCT,genome1_contig4,1,72,1,47.22222222222222,47.22222222222222,36,36,1,3,1,1,4,3,3,1,2,2,3,1,0,2,2,3,3,2,1,3,2,1,2,2,2,0,3,4,2,2,1,2,100.0
211,genome1_contig4:37-6915|0,TAATGTTGGACGTGATTCTTCAGATCGAGGAGTAACTCC,GGAGTTACTCCTCGATCTGAAGAATCACGTCCAACATTA,genome1_contig4,37,78,1,43.58974358974359,43.58974358974359,39,39,2,3,3,3,3,2,2,3,2,2,3,2,3,1,4,5,5,4,3,2,2,1,0,0,1,3,2,3,2,2,1,2,99.21939
212,genome1_contig4:76-6954|0,TCGCGAAACACCTATTCTGGAAGATGATGTATAGGATGG,CCATCCTATACATCATCTTCCAGAATAGGTGTTTCGCGA,genome1_contig4,76,78,1,43.58974358974359,43.58974358974359,39,39,2,1,5,5,2,2,2,1,3,3,1,2,4,1,2,5,5,2,1,2,3,1,1,1,1,4,2,2,2,2,1,3,99.979256
213,genome1_contig4:115-6990|0,TTTTGGATCAGCAATGAACTGCGAAGCTACTGGCTT,AAGCCAGTAGCTTCGCAGTTCATTGCTGATCCAAAA,genome1_contig4,115,72,1,44.44444444444444,44.44444444444444,36,36,3,3,2,2,2,4,2,0,1,1,3,3,4,2,1,3,3,1,0,2,2,0,4,4,2,4,4,2,1,1,0,2,100.0
214,genome1_contig4:151-7026|0,AGCGTTCTGATAATCACGACCATAGCCTGATCGGTC,GACCGATCAGGCTATGGTCGTGATTATCAGAACGCT,genome1_contig4,151,72,1,50.0,50.0,36,36,1,1,4,4,2,2,2,2,2,2,1,1,2,2,4,3,3,4,2,2,1,2,2,2,2,2,2,2,3,3,2,1,100.0
215,genome1_contig4:197-7072|0,GGCATCCTTCCGCCATAGCCACCACCGAATGAAGAT,ATCTTCATTCGGTGGTGGCTATGGCGGAAGGATGCC,genome1_contig4,197,72,1,55.55555555555556,55.55555555555556,36,36,2,1,4,4,2,1,2,0,1,1,1,2,1,4,2,3,3,2,0,2,1,6,3,3,4,1,1,2,2,2,6,1,98.03773
216,genome1_contig4:233-7108|0,TCAGGAGCCTCGTCACCACCCTCTATCAAACTGGCA,TGCCAGTTTGATAGAGGGTGGTGACGAGGCTCCTGA,genome1_contig4,233,72,1,55.55555555555556,55.55555555555556,36,36,1,0,1,1,2,4,3,1,1,1,0,1,1,5,5,1,1,5,1,3,2,3,2,2,5,1,4,2,1,1,3,2,100.0
217,genome1_contig4:269-7147|0,TCAATCTCATCGATGAATCGGCTCGGATTATCAAATTCC,GGAATTTGATAATCCGAGCCGATTCATCGATGAGATTGA,genome1_contig4,269,78,1,41.02564102564103,41.02564102564103,39,39,3,2,7,7,0,2,0,0,1,1,2,3,1,3,8,3,3,8,0,0,2,1,1,1,3,1,2,0,3,3,1,2,95.661064
218,genome1_contig4:308-7183|0,ATCTTGCCATATCGGAAACGGTTCTTGGCATTGGTC,GACCAATGCCAAGAACCGTTTCCGATATGGCAAGAT,genome1_contig4,308,72,1,47.22222222222222,47.22222222222222,36,36,1,4,4,4,0,2,1,2,1,1,4,1,3,2,4,1,1,4,2,1,4,1,2,2,2,3,2,0,2,2,1,4,100.0
219,genome1_contig4:344-7221|0,AGGATGCAATGCTTCTCGGCACGGGTAATCGCAACATA,TATGTTGCGATTACCCGTGCCGAGAAGCATTGCATCCT,genome1_contig4,344,76,1,50.0,50.0,38,38,3,1,4,4,1,2,2,1,2,2,1,3,2,4,3,1,1,3,1,2,3,0,4,4,4,2,2,1,3,3,0,3,100.0
220,genome1_contig4:382-7257|0,AAGCAGACGACGCTCCTCTTCCAGTTCCCTGACAGA,TCTGTCAGGGAACTGGAAGAGGAGCGTCGTCTGCTT,genome1_contig4,382,72,1,55.55555555555556,55.55555555555556,36,36,1,2,0,0,4,4,3,1,0,0,2,1,1,3,4,4,4,4,1,3,0,3,2,2,3,1,4,4,2,2,3,0,100.0
221,genome1_contig4:418-7293|0,GATTGCAGCAAGCGGACTCGGGAAGATATTCTCCTC,GAGGAGAATATCTTCCCGAGTCCGCTTGCTGCAATC,genome1_contig4,418,72,1,52.77777777777778,52.77777777777778,36,36,2,2,3,3,3,3,1,0,1,1,2,2,1,2,4,4,4,4,0,1,2,1,3,3,2,1,3,3,2,2,1,2,100.0
222,genome1_contig4:454-7330|0,CAAACCTACTACGAAAACAGTAGCAAACTCCAGACCC,GGGTCTGGAGTTTGCTACTGTTTTCGTAGTAGGTTTG,genome1_contig4,454,74,1,45.945945945945944,45.945945945945944,37,37,4,0,0,0,3,3,6,1,3,3,0,4,0,4,1,2,2,1,1,6,0,3,1,1,4,0,3,3,1,1,3,0,100.0
223,genome1_contig4:491-7366|0,TTTGCCGCATGAATCGTCATGAGCGAAACTCTCGGT,ACCGAGAGTTTCGCTCATGACGATTCATGCGGCAAA,genome1_contig4,491,72,1,50.0,50.0,36,36,2,1,3,3,1,2,1,2,0,0,1,2,3,2,4,3,3,4,2,1,1,1,3,3,2,3,2,1,4,4,1,1,100.0
224,genome1_contig4:527-7402|0,TCATCCTTCTCTCCCTCACTATCCGCATCCGTCAGC,GCTGACGGATGCGGATAGTGAGGGAGAGAAGGATGA,genome1_contig4,527,72,1,55.55555555555556,55.55555555555556,36,36,0,1,3,3,1,5,1,1,1,1,1,0,0,4,9,0,0,9,1,1,0,4,2,2,4,0,5,1,2,2,4,0,100.0
225,genome1_contig4:563-7438|0,AGCGCCACATCCTGCAGATAATCGGTAAGATAGGCT,AGCCTATCTTACCGATTATCTGCAGGATGTGGCGCT,genome1_contig4,563,72,1,50.0,50.0,36,36,2,0,4,4,4,2,1,1,3,3,0,2,1,3,2,2,2,2,1,1,2,2,4,4,3,1,2,4,2,2,2,2,97.34803
226,genome1_contig4:622-7497|0,GCGTCCTGCCACGAAGGTCTGCATACCACTCAGAAA,TTTCTGAGTGGTATGCAGACCTTCGTGGCAGGACGC,genome1_contig4,622,72,1,55.55555555555556,55.55555555555556,36,36,2,0,1,1,2,3,3,2,1,1,0,2,2,4,3,2,2,3,2,3,1,3,3,3,4,2,3,2,2,2,3,1,100.0
227,genome1_contig4:662-7537|0,TCCAGGTTTTCCTGGCGAGCCAGATCATCGGCATTC,GAATGCCGATGATCTGGCTCGCCAGGAAAACCTGGA,genome1_contig4,662,72,1,55.55555555555556,55.55555555555556,36,36,0,3,3,3,3,1,0,1,0,0,3,0,1,4,5,2,2,5,1,0,3,3,3,3,4,1,1,3,2,2,3,3,100.0
228,genome1_contig4:698-7573|0,TTGCCCGACATGATATCCTCGCTGATTCTACTCTCC,GGAGAGTAGAATCAGCGAGGATATCATGTCGGGCAA,genome1_contig4,698,72,1,50.0,50.0,36,36,0,2,4,4,0,5,2,0,2,2,2,0,3,1,5,3,3,5,0,2,0,3,2,2,1,3,5,0,2,2,3,0,100.0
229,genome1_contig4:734-7609|0,CTGATGATGGCATCACCCAGTTCATAGACATCCAGG,CCTGGATGTCTATGAACTGGGTGATGCCATCATCAG,genome1_contig4,734,72,1,50.0,50.0,36,36,0,1,5,5,3,1,2,1,1,1,1,0,3,6,3,3,3,3,1,2,2,2,1,1,6,3,1,3,0,0,2,2,99.18255
230,genome1_contig4:770-7645|0,GTATGCGAACGGTCGATGAAGGAAGAGATGAGCAGG,CCTGCTCATCTCTTCCTTCATCGACCGTTCGCATAC,genome1_contig4,770,72,1,52.77777777777778,52.77777777777778,36,36,3,0,3,3,5,0,1,2,1,1,0,3,3,1,1,7,7,1,2,1,3,0,2,2,1,3,0,5,3,3,0,3,100.0
231,genome1_contig4:806-7681|0,CGGAAATTCTCGAGTTTGGTCTGCGCACCCTTGTTG,CAACAAGGGTGCGCAGACCAAACTCGAGAATTTCCG,genome1_contig4,806,72,1,52.77777777777778,52.77777777777778,36,36,1,4,1,1,1,3,1,3,0,0,4,1,4,1,3,2,2,3,3,1,2,1,2,2,1,4,3,1,3,3,1,2,100.0
232,genome1_contig4:847-7727|0,CAGTCCGTAATGTTCTATATTACCTATCACCTCCCAGAAGC,GCTTCTGGGAGGTGATAGGTAATATAGAACATTACGGACTG,genome1_contig4,847,82,1,43.90243902439025,43.90243902439025,41,41,2,2,4,4,3,3,2,3,5,5,2,2,1,3,4,1,1,4,3,2,0,4,1,1,3,1,3,3,1,1,4,0,100.0
233,genome1_contig4:888-7763|0,TCACCTGGTTCTGATGGGCACAATCGGCAATCTTCG,CGAAGATTGCCGATTGTGCCCATCAGAACCAGGTGA,genome1_contig4,888,72,1,52.77777777777778,52.77777777777778,36,36,2,2,3,3,0,3,2,1,0,0,2,2,3,4,5,1,1,5,1,2,3,1,2,2,4,3,3,0,2,2,1,3,100.0
234,genome1_contig4:928-7803|0,GGTGGTAGCACCGATGCCACGAGCCGGATAATTGAT,ATCAATTATCCGGCTCGTGGCATCGGTGCTACCACC,genome1_contig4,928,72,1,55.55555555555556,55.55555555555556,36,36,1,1,4,4,2,0,2,2,2,2,1,1,3,2,0,4,4,0,2,2,3,3,3,3,2,3,0,2,3,3,3,3,99.41919
235,genome1_contig4:964-7839|0,GATACGTTTGAAAGCCTCCTCATCGTCCGGGTTGGC,GCCAACCCGGACGATGAGGAGGCTTTCAAACGTATC,genome1_contig4,964,72,1,55.55555555555556,55.55555555555556,36,36,1,2,2,2,1,2,1,3,1,1,2,1,2,1,4,2,2,4,3,1,2,3,2,2,1,2,2,1,3,3,3,2,100.0
236,genome1_contig4:1000-7876|0,AACGAGACGGAAATAGGCGATGATATCCTTGATTTCC,GGAAATCAAGGATATCATCGCCTATTTCCGTCTCGTT,genome1_contig4,1000,74,1,43.24324324324324,43.24324324324324,37,37,2,2,5,5,2,1,2,0,2,2,2,2,2,0,2,6,6,2,0,2,2,2,1,1,0,2,1,2,3,3,2,2,100.0
237,genome1_contig4:1038-7918|0,TACGCTGATAGAAACTCAATCCACCGTAAATACGATATGGG,CCCATATCGTATTTACGGTGGATTGAGTTTCTATCAGCGTA,genome1_contig4,1038,82,1,41.46341463414634,41.46341463414634,41,41,3,0,5,5,1,2,4,1,5,5,0,3,2,2,2,3,3,2,1,4,1,2,1,1,2,2,2,1,3,3,2,1,96.48383
238,genome1_contig4:1079-7954|0,ATGCCCTGCTTTCTGAATTCCTCCTCGAAGCTTCGG,CCGAAGCTTCGAGGAGGAATTCAGAAAGCAGGGCAT,genome1_contig4,1079,72,1,52.77777777777778,52.77777777777778,36,36,2,3,2,2,1,6,0,0,0,0,3,2,3,0,5,2,2,5,0,0,1,3,3,3,0,3,6,1,2,2,3,1,100.0
239,genome1_contig4:1115-7990|0,CTCTGGGCATTGGTACGATAGAGAATGGCAAATTGA,TCAATTTGCCATTCTCTATCGTACCAATGCCCAGAG,genome1_contig4,1115,72,1,44.44444444444444,44.44444444444444,36,36,2,2,4,4,2,2,1,1,2,2,2,2,4,2,1,4,4,1,1,1,3,0,2,2,2,4,2,2,1,1,0,3,100.0
240,genome1_contig4:1153-8029|0,GTATCCGCAATCATCCCGCTGCTTGATGCGCTGGATA,TATCCAGCGCATCAAGCAGCGGGATGATTGCGGATAC,genome1_contig4,1153,74,1,54.054054054054056,54.054054054054056,37,37,1,1,5,5,0,3,0,1,2,2,1,1,4,2,3,2,2,3,1,0,1,2,5,5,2,4,3,0,3,3,2,1,100.0
241,genome1_contig4:1190-8065|0,TTCTTCGCCACTATCAGAGCCTCCTCCTTGTCGCTG,CAGCGACAAGGAGGAGGCTCTGATAGTGGCGAAGAA,genome1_contig4,1190,72,1,55.55555555555556,55.55555555555556,36,36,0,3,1,1,2,6,1,1,1,1,3,0,2,2,6,1,1,6,1,1,0,4,3,3,2,2,6,2,2,2,4,0,99.76372
242,genome1_contig4:1263-8138|0,TTTTGCTGAACACCTCTTTCTGAATCTGATTGCGGT,ACCGCAATCAGATTCAGAAAGAGGTGTTCAGCAAAA,genome1_contig4,1263,72,1,41.666666666666664,41.666666666666664,36,36,2,4,2,2,0,5,2,1,0,0,4,2,5,1,3,3,3,3,1,2,1,1,2,2,1,5,5,0,1,1,1,1,95.218216
243,genome1_contig4:1299-8174|0,TATGATGAATCAGACTGTTAGCAGCCTCCACGATCG,CGATCGTGGAGGCTGCTAACAGTCTGATTCATCATA,genome1_contig4,1299,72,1,47.22222222222222,47.22222222222222,36,36,1,1,4,4,3,2,2,1,2,2,1,1,3,3,3,4,4,3,1,2,0,2,2,2,3,3,2,3,2,2,2,0,99.2025
244,genome1_contig4:1335-8214|0,TTTGAGTTGACCGGTAGTTCTGTTCCAGTTTAAAGAGTTG,CAACTCTTTAAACTGGAACAGAACTACCGGTCAACTCAAA,genome1_contig4,1335,80,1,40.0,40.0,40,40,1,6,0,0,5,1,1,6,2,2,6,1,4,1,2,3,3,2,6,1,1,2,0,0,1,4,1,5,1,1,2,1,97.50481
245,genome1_contig4:1402-8282|0,CAATATATTGTCGATATTGGCACCACGGAAGCTATAGATGC,GCATCTATAGCTTCCGTGGTGCCAATATCGACAATATATTG,genome1_contig4,1402,82,1,41.46341463414634,41.46341463414634,41,41,2,2,7,7,2,1,2,1,5,5,2,2,3,3,1,3,3,1,1,2,2,1,3,3,3,3,1,2,2,2,1,2,100.0
246,genome1_contig4:1443-8318|0,TCTGCGAATCATCACCTACGGCACAGACACGCAGTT,AACTGCGTGTCTGTGCCGTAGGTGATGATTCGCAGA,genome1_contig4,1443,72,1,52.77777777777778,52.77777777777778,36,36,1,1,2,2,2,2,5,1,1,1,1,1,1,6,3,2,2,3,1,5,1,1,3,3,6,1,2,2,3,3,1,1,98.90462
247,genome1_contig4:1479-8354|0,TTTCCTTACAGAGCTGCATCACGATAGACATCTGCA,TGCAGATGTCTATCGTGATGCAGCTCTGTAAGGAAA,genome1_contig4,1479,72,1,44.44444444444444,44.44444444444444,36,36,0,2,3,3,3,3,3,0,2,2,2,0,2,5,3,3,3,3,0,3,0,1,3,3,5,2,3,3,1,1,1,0,100.0
248,genome1_contig4:1522-8402|0,TGTATCCTGATACTCATCCACCAGGATATAATCGAACCTGC,GCAGGTTCGATTATATCCTGGTGGATGAGTATCAGGATACA,genome1_contig4,1522,82,1,43.90243902439025,43.90243902439025,41,41,2,0,6,6,1,3,3,1,4,4,0,2,3,3,4,3,3,4,1,3,1,4,1,1,3,3,3,1,1,1,4,1,100.0
249,genome1_contig4:1563-8438|0,CGGCATACTTCTGTCTGATTTCCTCGTGATCTCTGA,TCAGAGATCACGAGGAAATCAGACAGAAGTATGCCG,genome1_contig4,1563,72,1,47.22222222222222,47.22222222222222,36,36,0,2,3,3,0,6,1,2,1,1,2,0,4,1,6,3,3,6,2,1,1,1,1,1,1,4,6,0,2,2,1,1,100.0
250,genome1_contig4:1599-8476|0,AAAGCTGGAAAGTAAGCATCAGGAGATCATCAAAGTCC,GGACTTTGATGATCTCCTGATGCTTACTTTCCAGCTTT,genome1_contig4,1599,76,1,42.10526315789474,42.10526315789474,38,38,4,0,3,3,6,1,0,2,1,1,0,4,1,4,4,3,3,4,2,0,2,1,2,2,4,1,1,6,0,0,1,2,100.0
251,genome1_contig4:1646-8521|0,GCCTGACGGCAACGCTGCACGTATGCCACATAAATC,GATTTATGTGGCATACGTGCAGCGTTGCCGTCAGGC,genome1_contig4,1646,72,1,55.55555555555556,55.55555555555556,36,36,2,0,3,3,0,2,4,1,2,2,0,2,3,4,1,1,1,1,1,4,1,2,5,5,4,3,2,0,3,3,2,1,100.0
252,genome1_contig4:1708-8583|0,CTTGTTCTGCTCCAGGATGGCAGGGTCGCTATCGTA,TACGATAGCGACCCTGCCATCCTGGAGCAGAACAAG,genome1_contig4,1708,72,1,55.55555555555556,55.55555555555556,36,36,0,2,2,2,2,4,0,3,2,2,2,0,3,2,4,1,1,4,3,0,3,1,3,3,2,3,4,2,2,2,1,3,99.46866
253,genome1_contig4:1744-8619|0,GGCTTCAGCAGTTACCAGGTTGTTCTTCGCCATCGA,TCGATGGCGAAGAACAACCTGGTAACTGCTGAAGCC,genome1_contig4,1744,72,1,52.77777777777778,52.77777777777778,36,36,0,5,1,1,3,2,1,3,1,1,5,0,1,4,4,1,1,4,3,1,2,2,3,3,4,1,2,3,2,2,2,2,100.0
254,genome1_contig4:1786-8661|0,GGCATGAACGGCAGCAGGCTTATAGGCCTTGTCATC,GATGACAAGGCCTATAAGCCTGCTGCCGTTCATGCC,genome1_contig4,1786,72,1,55.55555555555556,55.55555555555556,36,36,1,2,3,3,3,2,1,1,2,2,2,1,2,4,2,1,1,2,1,1,4,1,5,5,4,2,2,3,1,1,1,4,99.07714
255,genome1_contig4:1822-8697|0,CAGTCCCATCTCCTTGATGATCGCCTTCAGCAGTGA,TCACTGCTGAAGGCGATCATCAAGGAGATGGGACTG,genome1_contig4,1822,72,1,52.77777777777778,52.77777777777778,36,36,0,2,3,3,3,3,0,2,0,0,2,0,3,4,5,3,3,5,2,0,0,3,2,2,4,3,3,3,1,1,3,0,100.0
256,genome1_contig4:1880-8760|0,ATGGTAAAGTTATTATTGAAACCGATATGCTCAGCTTCGGC,GCCGAAGCTGAGCATATCGGTTTCAATAATAACTTTACCAT,genome1_contig4,1880,82,1,39.02439024390244,39.02439024390244,41,41,2,4,5,5,2,2,1,2,4,4,4,2,3,1,2,2,2,2,2,1,2,1,3,3,1,3,2,2,2,2,1,2,100.0
257,genome1_contig4:1921-8796|0,ACGGAGAATACGGGAGAAGATGCTATGGAAGGTACC,GGTACCTTCCATAGCATCTTCTCCCGTATTCTCCGT,genome1_contig4,1921,72,1,50.0,50.0,36,36,3,0,3,3,4,1,3,1,3,3,0,3,2,0,0,6,6,0,1,3,4,1,1,1,0,2,1,4,2,2,1,4,100.0
258,genome1_contig4:1957-8832|0,CATATAGAGATGCTGGGCGAGGTCATCACCCACCAG,CTGGTGGGTGATGACCTCGCCCAGCATCTCTATATG,genome1_contig4,1957,72,1,55.55555555555556,55.55555555555556,36,36,0,0,4,4,4,1,2,1,2,2,0,0,2,5,2,3,3,2,1,2,2,2,2,2,5,2,1,4,1,1,2,2,97.29033
259,genome1_contig4:1993-8868|0,TTTTCCGATACGTTCCTTCATCTCCCTTGCCGCCTT,AAGGCGGCAAGGGAGATGAAGGAACGTATCGGAAAA,genome1_contig4,1993,72,1,50.0,50.0,36,36,0,6,2,2,0,4,1,1,1,1,6,0,1,1,5,1,1,5,1,1,0,5,2,2,1,1,4,0,3,3,5,0,100.0
260,genome1_contig4:2029-8904|0,ATTGGTAAAGGTAAGTGCCATGATGCTCCAAGGCTT,AAGCCTTGGAGCATCATGGCACTTACCTTTACCAAT,genome1_contig4,2029,72,1,44.44444444444444,44.44444444444444,36,36,3,2,3,3,3,2,0,3,2,2,2,3,4,2,1,1,1,1,3,0,3,2,3,3,2,4,2,3,0,0,2,3,100.0
261,genome1_contig4:2065-8940|0,CATGCCCAGGCTCAGGAGATAAGCAATCTTATAGGT,ACCTATAAGATTGCTTATCTCCTGAGCCTGGGCATG,genome1_contig4,2065,72,1,47.22222222222222,47.22222222222222,36,36,2,1,4,4,5,2,0,1,3,3,1,2,1,4,2,2,2,2,1,0,3,1,3,3,4,1,2,5,0,0,1,3,100.0
262,genome1_contig4:2065-8940|0,CATGCCCAGGCTCAGGAGATAAGCAATCTTATAGGT,ACCTATAAGATTGCTTATCTCCTGAGCCTGGGCATN,genome2_contig3,421,70,1,47.22222222222222,44.44444444444444,36,36,2,1,4,4,5,2,0,1,3,3,1,2,1,3,2,2,2,2,1,0,3,1,3,3,4,1,2,5,0,0,1,3,100.0
263,genome1_contig4:2124-9000|0,CAGCACCGGCAATCACCAGCGAAGGTCCGTCAATATA,TATATTGACGGACCTTCGCTGGTGATTGCCGGTGCTG,genome1_contig4,2124,74,1,54.054054054054056,54.054054054054056,37,37,3,0,3,3,3,0,2,2,2,2,0,3,0,6,3,1,1,3,2,2,2,3,3,3,6,0,0,3,3,3,3,2,100.0
264,genome1_contig4:2163-9041|0,CTACCGCAGCACGCTGCGCATCATTCAAGTCGTTCAATA,TATTGAACGACTTGAATGATGCGCAGCGTGCTGCGGTAG,genome1_contig4,2163,78,1,51.282051282051285,51.282051282051285,39,39,2,2,3,3,2,2,2,2,2,2,2,2,1,6,4,0,0,4,2,2,0,1,5,5,6,1,2,2,4,4,1,0,100.0
265,genome1_contig4:2274-9149|0,CCCCTATATCCTCCTACAGCCGTGCTTGGGTCGTAG,CTACGACCCAAGCACGGCTGTAGGAGGATATAGGGG,genome1_contig4,2274,72,1,58.333333333333336,58.333333333333336,36,36,0,1,2,2,2,4,1,3,4,4,1,0,2,1,3,0,0,3,3,1,1,5,2,2,1,2,4,2,2,2,5,1,100.0
266,genome1_contig4:2310-9185|0,TCTTCACCCTCACGAGGGAAGTAAGGGATGAATTTC,GAAATTCATCCCTTACTTCCCTCGTGAGGGTGAAGA,genome1_contig4,2310,72,1,47.22222222222222,47.22222222222222,36,36,3,2,2,2,3,2,2,1,1,1,2,3,1,2,4,4,4,4,1,2,2,1,0,0,2,1,2,3,1,1,1,2,100.0
267,genome1_contig4:2346-9221|0,ATCTGATGTTCAATCTGTCGCTGGCGCTTCTTCATA,TATGAAGAAGCGCCAGCGACAGATTGAACATCAGAT,genome1_contig4,2346,72,1,44.44444444444444,44.44444444444444,36,36,1,3,4,4,0,5,0,2,1,1,3,1,4,2,6,1,1,6,2,0,1,0,3,3,2,4,5,0,2,2,0,1,100.0
268,genome1_contig4:2382-9257|0,TAAGCACTCGGATACAGGGAACTGAACTTTCTAGGA,TCCTAGAAAGTTCAGTTCCCTGTATCCGAGTGCTTA,genome1_contig4,2382,72,1,44.44444444444444,44.44444444444444,36,36,3,1,1,1,3,4,4,0,3,3,1,3,1,2,2,4,4,2,0,4,3,0,1,1,2,1,4,3,1,1,0,3,100.0
269,genome1_contig4:2443-9318|0,CACACTCGCCACGGAAGAGATCCTGCGCTTTCTTGT,ACAAGAAAGCGCAGGATCTCTTCCGTGGCGAGTGTG,genome1_contig4,2443,72,1,55.55555555555556,55.55555555555556,36,36,1,2,1,1,2,4,3,1,0,0,2,1,2,3,3,3,3,3,1,3,1,2,3,3,3,2,4,2,3,3,2,1,100.0
270,genome1_contig4:2479-9354|0,TGAAATGATACTCAGCCACGGCATCGACACCATAGA,TCTATGGTGTCGATGCCGTGGCTGAGTATCATTTCA,genome1_contig4,2479,72,1,47.22222222222222,47.22222222222222,36,36,1,0,4,4,2,1,4,0,2,2,0,1,2,5,2,4,4,2,0,4,1,2,2,2,5,2,1,2,2,2,2,1,99.341446
271,genome1_contig4:2515-9390|0,TACCCGGTCCCATCTCGATACTGTTGAGATAGACTT,AAGTCTATCTCAACAGTATCGAGATGGGACCGGGTA,genome1_contig4,2515,72,1,47.22222222222222,47.22222222222222,36,36,0,2,3,3,2,3,3,2,3,3,2,0,2,1,3,4,4,3,2,3,1,2,0,0,1,2,3,2,2,2,2,1,100.0
272,genome1_contig4:2551-9426|0,CCATGATACGCTGCTTGCTCCACATCATTTCAATGA,TCATTGAAATGATGTGGAGCAAGCAGCGTATCATGG,genome1_contig4,2551,72,1,44.44444444444444,44.44444444444444,36,36,1,2,5,5,0,3,2,0,1,1,2,1,4,5,3,2,2,3,0,2,0,2,3,3,5,4,3,0,1,1,2,0,100.0
273,genome1_contig4:2587-9462|0,GAAAGGTGAAATACACCTCAAATCCCTTGCGGGTCC,GGACCCGCAAGGGATTTGAGGTGTATTTCACCTTTC,genome1_contig4,2587,72,1,50.0,50.0,36,36,3,1,2,2,1,2,2,2,1,1,1,3,2,2,3,2,2,3,2,2,2,3,1,1,2,2,2,1,1,1,3,2,100.0
274,genome1_contig4:2634-9509|0,GGCCAGAGGAATACGTTCTTGGCGGTCTGCTGACTG,CAGTCAGCAGACCGCCAAGAACGTATTCCTCTGGCC,genome1_contig4,2634,72,1,58.333333333333336,58.333333333333336,36,36,1,2,1,1,2,4,2,2,1,1,2,1,4,1,2,3,3,2,2,2,4,1,3,3,1,4,4,2,2,2,1,4,100.0
275,genome1_contig4:2679-9554|0,GCACCATGCACCTTACCGCCACGGGCATTATTCTTG,CAAGAATAATGCCCGTGGCGGTAAGGTGCATGGTGC,genome1_contig4,2679,72,1,55.55555555555556,55.55555555555556,36,36,0,4,3,3,0,2,4,0,2,2,4,0,2,5,1,0,0,1,0,4,1,4,4,4,5,2,2,0,2,2,4,1,99.859634
276,genome1_contig4:2715-9590|0,GCAGCACTCTCGATGGCATTGAAGTCGAAACCATGA,TCATGGTTTCGACTTCAATGCCATCGAGAGTGCTGC,genome1_contig4,2715,72,1,50.0,50.0,36,36,2,1,3,3,2,2,2,1,0,0,1,2,3,4,3,4,4,3,1,2,1,1,3,3,4,3,2,2,2,2,1,1,98.936325
277,genome1_contig4:2778-9654|0,GCCATCACCGCCACAGGCATGTGAGGGGAAATCTTAT,ATAAGATTTCCCCTCACATGCCTGTGGCGGTGATGGC,genome1_contig4,2778,74,1,54.054054054054056,54.054054054054056,37,37,1,1,4,4,2,1,2,1,1,1,1,1,2,5,2,2,2,2,1,2,3,3,3,3,5,2,1,2,1,1,3,3,97.944405
278,genome1_contig4:2815-9694|0,CCATCGAAACCCAATGATGATGCAAGGTAATACTTTCACC,GGTGAAAGTATTACCTTGCATCATCATTGGGTTTCGATGG,genome1_contig4,2815,80,1,42.5,42.5,40,40,4,1,5,5,1,1,3,1,2,2,1,4,3,4,2,3,3,2,1,3,1,3,1,1,4,3,1,1,1,1,3,1,100.0
279,genome1_contig4:2855-9730|0,ATCAGCCACTTGCTGAAAACAGCGGATAATCATCAA,TTGATGATTATCCGCTGTTTTCAGCAAGTGGCTGAT,genome1_contig4,2855,72,1,41.666666666666664,41.666666666666664,36,36,4,1,4,4,2,2,2,0,1,1,1,4,2,5,3,2,2,3,0,2,1,1,3,3,5,2,2,2,1,1,1,1,100.0
280,genome1_contig4:2891-9770|0,CGGAGTAACATATACCGGAATAAAACGGTAGGCTACTACA,TGTAGTAGCCTACCGTTTTATTCCGGTATATGTTACTCCG,genome1_contig4,2891,80,1,42.5,42.5,40,40,4,0,3,3,2,2,5,2,7,7,0,4,0,2,0,2,2,0,2,5,4,1,1,1,2,0,2,2,3,3,1,4,100.0
281,genome1_contig4:2950-9825|0,AAAACAGCACCACCACCCATCTTACGATATTTCTGA,TCAGAAATATCGTAAGATGGGTGGTGGTGCTGTTTT,genome1_contig4,2950,72,1,41.666666666666664,41.666666666666664,36,36,2,2,3,3,1,2,5,0,2,2,2,2,1,5,2,2,2,2,0,5,0,3,1,1,5,1,2,1,1,1,3,0,100.0
282,genome1_contig4:3028-9908|0,TCTGATTCGTTATTTACTTCAATGTACCATTGTTGGCAGCA,TGCTGCCAACAATGGTACATTGAAGTAAATAACGAATCAGA,genome1_contig4,3028,82,1,36.58536585365854,36.58536585365854,41,41,1,6,4,4,1,2,2,3,3,3,6,1,4,4,3,1,1,3,3,2,1,1,2,2,4,4,2,1,1,1,1,1,100.0
283,genome1_contig4:3069-9944|0,TTCACCATTGCCTGGCTAGCATACATGTAAACCTCT,AGAGGTTTACATGTATGCTAGCCAGGCAATGGTGAA,genome1_contig4,3069,72,1,44.44444444444444,44.44444444444444,36,36,1,2,3,3,1,4,3,1,3,3,2,1,3,4,2,0,0,2,1,3,1,3,3,3,4,3,4,1,0,0,3,1,100.0
284,genome1_contig4:3111-9986|0,CGGTTCTGAGCGCAGGCTGCAGTAGTATTCACCACA,TGTGGTGAATACTACTGCAGCCTGCGCTCAGAACCG,genome1_contig4,3111,72,1,55.55555555555556,55.55555555555556,36,36,0,2,1,1,4,2,2,3,2,2,2,0,2,5,2,1,1,2,3,2,2,1,4,4,5,2,2,4,2,2,1,2,100.0
285,genome1_contig4:3147-10022|0,GGATTAGCTGAACCCAAGCCCTCTACACTCTTGATC,GATCAAGAGTGTAGAGGGCTTGGGTTCAGCTAATCC,genome1_contig4,3147,72,1,50.0,50.0,36,36,2,2,2,2,2,5,3,0,2,2,2,2,2,2,3,3,3,3,0,3,1,2,2,2,2,2,5,2,0,0,2,1,99.33535
286,genome1_contig4:3183-10058|0,TGGCTGCTGGTAACACCGCATGACTTCAAGTAGGTA,TACCTACTTGAAGTCATGCGGTGTTACCAGCAGCCA,genome1_contig4,3183,72,1,50.0,50.0,36,36,2,1,1,1,2,3,3,3,3,3,1,2,4,3,1,1,1,1,3,3,3,1,3,3,3,4,3,2,1,1,1,3,100.0
287,genome1_contig4:3219-10094|0,GAAACGGCATTGGCACGATTCTGGCTCAAAGGCAGG,CCTGCCTTTGAGCCAGAATCGTGCCAATGCCGTTTC,genome1_contig4,3219,72,1,55.55555555555556,55.55555555555556,36,36,2,2,2,2,2,2,2,0,0,0,2,2,2,4,2,2,2,2,0,2,5,0,4,4,4,2,2,2,2,2,0,5,100.0
288,genome1_contig4:3255-10130|0,TTGATGCCATCATTACCTGTAGCATCGGTATAACCC,GGGTTATACCGATGCTACAGGTAATGATGGCATCAA,genome1_contig4,3255,72,1,44.44444444444444,44.44444444444444,36,36,1,2,5,5,1,1,2,2,4,4,2,1,3,3,2,1,1,2,2,2,1,3,2,2,3,3,1,1,1,1,3,1,100.0
289,genome1_contig4:3291-10166|0,TGGATAGCTACCTCGCAGTCGGCATTGTTCTTCAAA,TTTGAAGAACAATGCCGACTGCGAGGTAGCTATCCA,genome1_contig4,3291,72,1,47.22222222222222,47.22222222222222,36,36,1,3,2,2,2,3,1,2,2,2,3,1,2,3,4,1,1,4,2,1,2,1,3,3,3,2,3,2,2,2,1,2,100.0
290,genome1_contig4:3327-10202|0,ACCTGGGCAAACTGAGCCAAGTCGTTCTTAGCGCTT,AAGCGCTAAGAACGACTTGGCTCAGTTTGCCCAGGT,genome1_contig4,3327,72,1,52.77777777777778,52.77777777777778,36,36,2,3,0,0,3,4,2,2,1,1,3,2,2,2,2,1,1,2,2,2,1,2,4,4,2,2,4,3,2,2,2,1,100.0
291,genome1_contig4:3363-10238|0,GCATTGAGCGCATATTTGTTGGTCTGGAAGAGGATA,TATCCTCTTCCAGACCAACAAATATGCGCTCAATGC,genome1_contig4,3363,72,1,44.44444444444444,44.44444444444444,36,36,1,3,4,4,3,1,0,2,2,2,3,1,4,2,1,4,4,1,2,0,3,0,3,3,2,4,1,3,1,1,0,3,100.0
292,genome1_contig4:3399-10274|0,CCAGAATCGAAGGTTACCTTAACAGCTGTCAAACCA,TGGTTTGACAGCTGTTAAGGTAACCTTCGATTCTGG,genome1_contig4,3399,72,1,44.44444444444444,44.44444444444444,36,36,4,2,1,1,3,2,3,2,2,2,2,4,1,4,2,2,2,2,2,3,1,3,1,1,4,1,2,3,1,1,3,1,100.0
293,genome1_contig4:3435-10310|0,TTGGCATCTGTAACGGTAGAAACCTGCGCATTCTTC,GAAGAATGCGCAGGTTTCTACCGTTACAGATGCCAA,genome1_contig4,3435,72,1,47.22222222222222,47.22222222222222,36,36,2,3,2,2,1,3,2,2,2,2,3,2,3,2,3,1,1,3,2,2,2,1,3,3,2,3,3,1,2,2,1,2,100.0
294,genome1_contig4:3471-10346|0,ACAGCCTCTGCCTCAGCCTTTACCTTATCCATGTGC,GCACATGGATAAGGTAAAGGCTGAGGCAGAGGCTGT,genome1_contig4,3471,72,1,52.77777777777778,52.77777777777778,36,36,0,2,2,2,2,5,2,1,2,2,2,0,3,3,3,0,0,3,1,2,0,5,4,4,3,3,5,2,0,0,5,0,100.0
295,genome1_contig4:3507-10382|0,TTTCCAATCAAGTTACCCGCTGTACCACCAACAGCA,TGCTGTTGGTGGTACAGCGGGTAACTTGATTGGAAA,genome1_contig4,3507,72,1,47.22222222222222,47.22222222222222,36,36,3,2,1,1,2,1,4,2,2,2,2,3,1,6,2,0,0,2,2,4,0,4,2,2,6,1,1,2,1,1,4,0,100.0
296,genome1_contig4:3544-10419|0,CACCGATGGCAGCACCTACTACTGCACCTGTACCAC,GTGGTACAGGTGCAGTAGTAGGTGCTGCCATCGGTG,genome1_contig4,3544,72,1,58.333333333333336,58.333333333333336,36,36,0,0,1,1,1,4,7,1,3,3,0,0,3,5,0,1,1,0,1,7,1,4,3,3,5,3,4,1,1,1,4,1,100.0
297,genome1_contig4:3580-10455|0,GATGGCTGTTATTGAGCAAACCACCAACCAAAGCAC,GTGCTTTGGTTGGTGGTTTGCTCAATAACAGCCATC,genome1_contig4,3580,72,1,47.22222222222222,47.22222222222222,36,36,3,2,2,2,2,1,4,1,1,1,2,3,3,5,0,2,2,0,1,4,1,3,3,3,5,3,1,2,0,0,3,1,98.52001
298,genome1_contig4:3629-10505|0,AGCACCTGCACCAGCAGCAGTACCAGTCTTCTGACTA,TAGTCAGAAGACTGGTACTGCTGCTGGTGCAGGTGCT,genome1_contig4,3629,74,1,54.054054054054056,54.054054054054056,37,37,0,1,0,0,5,4,4,2,2,2,1,0,2,6,2,1,1,2,2,4,0,3,4,4,6,2,4,5,0,0,3,0,100.0
299,genome1_contig4:3666-10541|0,GTTCCACAACTTCCCAAAACGAGCAGCATTGAGAGC,GCTCTCAATGCTGCTCGTTTTGGGAAGTTGTGGAAC,genome1_contig4,3666,72,1,50.0,50.0,36,36,3,3,1,1,4,1,3,1,0,0,3,3,1,5,2,3,3,2,1,3,0,2,3,3,5,1,1,4,1,1,2,0,98.48065
300,genome1_contig4:3817-10696|0,AATTTTGCATGCAAATTTAAGGGTATTTGTCCAAATGGCG,CGCCATTTGGACAAATACCCTTAAATTTGCATGCAAAATT,genome1_contig4,3817,80,1,35.0,35.0,40,40,4,4,5,5,1,0,0,2,2,2,4,4,4,3,1,0,0,1,2,0,2,1,3,3,3,4,0,1,1,1,1,2,98.837364
301,genome1_contig4:3857-10732|0,AAAGGAAATCGCCTATTTCGGGGCGGAAATTCCCTA,TAGGGAATTTCCGCCCCGAAATAGGCGATTTCCTTT,genome1_contig4,3857,72,1,47.22222222222222,47.22222222222222,36,36,3,2,3,3,1,2,0,0,2,2,2,3,0,0,3,2,2,3,0,0,4,2,2,2,0,0,2,1,3,3,2,4,99.435905
302,genome1_contig4:3893-10768|0,TTGGGCGTGTTTTCACGCTCAAGATATGTCGTGTTT,AAACACGACATATCTTGAGCGTGAAAACACGCCCAA,genome1_contig4,3893,72,1,44.44444444444444,44.44444444444444,36,36,1,4,2,2,1,1,1,5,1,1,4,1,4,2,3,1,1,3,5,1,1,0,2,2,2,4,1,1,3,3,0,1,99.84301
303,genome1_contig4:3978-10858|0,AATATGGCTAAAGAACTTAAGAATTTAACCAAGCGCGCTGA,TCAGCGCGCTTGGTTAAATTCTTAAGTTCTTTAGCCATATT,genome1_contig4,3978,82,1,36.58536585365854,36.58536585365854,41,41,7,2,3,3,3,3,2,0,4,4,2,7,2,1,0,3,3,0,0,2,1,1,4,4,1,2,3,3,2,2,1,1,100.0
304,genome1_contig4:4019-10899|0,CAACTACAGTCAGTGGTACAATGATTTGGTAGTAAAGGCTG,CAGCCTTTACTACCAAATCATTGTACCACTGACTGTAGTTG,genome1_contig4,4019,82,1,41.46341463414634,41.46341463414634,41,41,3,1,2,2,4,2,3,5,4,4,1,3,4,4,1,1,1,1,5,3,3,0,1,1,4,4,2,4,0,0,0,3,100.0
305,genome1_contig4:4060-10935|0,ACCTCGCAGAGTTGTCACCAGTTCGTGGTTGTATGA,TCATACAACCACGAACTGGTGACAACTCTGCGAGGT,genome1_contig4,4060,72,1,50.0,50.0,36,36,0,3,1,1,3,1,2,6,1,1,3,0,4,3,3,2,2,3,6,2,1,2,1,1,3,4,1,3,2,2,2,1,100.0
306,genome1_contig4:4096-10973|0,TTATCAAACCATACGGCTACGCTATCTGGGAAAAGATG,CATCTTTTCCCAGATAGCGTAGCCGTATGGTTTGATAA,genome1_contig4,4096,76,1,42.10526315789474,42.10526315789474,38,38,3,1,4,4,1,3,3,0,4,4,1,3,2,2,2,2,2,2,0,3,2,1,2,2,2,2,3,1,2,2,1,2,100.0
307,genome1_contig4:4134-11009|0,CAGCAGCAGCTCGACAAGATGTTTAAGCAGACAGGT,ACCTGTCTGCTTAAACATCTTGTCGAGCTGCTGCTG,genome1_contig4,4134,72,1,50.0,50.0,36,36,2,1,1,1,7,1,2,2,1,1,1,2,1,6,1,3,3,1,2,2,1,0,4,4,6,1,1,7,1,1,0,1,100.0
308,genome1_contig4:4170-11045|0,GTACAGAACGCATACTTCCCTCTCCTCATCCCGAAG,CTTCGGGATGAGGAGAGGGAAGTATGCGTTCTGTAC,genome1_contig4,4170,72,1,52.77777777777778,52.77777777777778,36,36,2,1,2,2,2,4,3,1,2,2,1,2,0,3,5,2,2,5,1,3,0,3,1,1,3,0,4,2,2,2,3,0,100.0
309,genome1_contig4:4208-11083|0,CTTCTTCTCTCGTGAGGCTGAGCACGTGGCAGGTTT,AAACCTGCCACGTGCTCAGCCTCACGAGAGAAGAAG,genome1_contig4,4208,72,1,55.55555555555556,55.55555555555556,36,36,0,3,0,0,3,5,1,3,0,0,3,0,3,2,4,2,2,4,3,1,3,0,3,3,2,3,5,3,2,2,0,3,100.0
310,genome1_contig4:4244-11119|0,CGCCAAGGAGTGTGCTGTGGTTACTCACTATCGTCT,AGACGATAGTGAGTAACCACAGCACACTCCTTGGCG,genome1_contig4,4244,72,1,52.77777777777778,52.77777777777778,36,36,1,1,1,1,2,4,2,5,2,2,1,1,4,2,3,1,1,3,5,2,2,1,2,2,2,4,4,2,2,2,1,2,100.0
311,genome1_contig4:4280-11155|0,TCGTTCTACAGAGGATGGCACAGAGGTTGAGGTGGA,TCCACCTCAACCTCTGTGCCATCCTCTGTAGAACGA,genome1_contig4,4280,72,1,52.77777777777778,52.77777777777778,36,36,0,2,1,1,5,1,2,3,1,1,2,0,3,3,2,5,5,2,3,2,5,0,1,1,3,3,1,5,1,1,0,5,100.0
312,genome1_contig4:4316-11191|0,TCCTAATGCCAAGCTCGATGAGGAGCTGATCATCCG,CGGATGATCAGCTCCTCATCGAGCTTGGCATTAGGA,genome1_contig4,4316,72,1,52.77777777777778,52.77777777777778,36,36,2,0,4,4,3,3,0,0,1,1,0,2,3,2,4,4,4,4,0,0,1,3,3,3,2,3,3,3,2,2,3,1,99.50843
313,genome1_contig4:4352-11232|0,CCCTACTTCAGAGACCATCATCTGGAACACATATAAGAACT,AGTTCTTATATGTGTTCCAGATGATGGTCTCTGAAGTAGGG,genome1_contig4,4352,82,1,41.46341463414634,41.46341463414634,41,41,3,1,4,4,3,4,5,0,3,3,1,3,1,5,3,4,4,3,0,5,1,2,0,0,5,1,4,3,0,0,2,1,93.62235
314,genome1_contig4:4393-11268|0,GGATCCATTCATGGCGTGATCTCCCTATCCTCTGCA,TGCAGAGGATAGGGAGATCACGCCATGAATGGATCC,genome1_contig4,4393,72,1,52.77777777777778,52.77777777777778,36,36,0,1,5,5,0,4,0,1,1,1,1,0,3,3,6,2,2,6,1,0,2,3,2,2,3,3,4,0,1,1,3,2,100.0
315,genome1_contig4:4429-11304|0,ACCAGTGGTGTAACGTGATGCGTTGGGAGATGCGTA,TACGCATCTCCCAACGCATCACGTTACACCACTGGT,genome1_contig4,4429,72,1,52.77777777777778,52.77777777777778,36,36,1,1,2,2,2,0,2,6,2,2,1,1,6,1,0,3,3,0,6,2,2,1,2,2,1,6,0,2,3,3,1,2,100.0
316,genome1_contig4:4465-11340|0,CCCGTCCATTCCTCCGTACTTCTGAGTTCCTCTGGC,GCCAGAGGAACTCAGAAGTACGGAGGAATGGACGGG,genome1_contig4,4465,72,1,58.333333333333336,58.333333333333336,36,36,0,3,1,1,1,5,1,3,1,1,3,0,2,1,6,1,1,6,3,1,1,5,1,1,1,2,5,1,2,2,5,1,100.0
317,genome1_contig4:4506-11381|0,GGGCATACCGCTCATGCTACCAAGGAAGAGGCTGAG,CTCAGCCTCTTCCTTGGTAGCATGAGCGGTATGCCC,genome1_contig4,4506,72,1,58.333333333333336,58.333333333333336,36,36,2,0,2,2,4,3,2,0,2,2,0,2,2,3,1,3,3,1,0,2,3,2,4,4,3,2,3,4,1,1,2,3,99.21462
318,genome1_contig4:4542-11417|0,GCAAAGGCTCAGGAGATGCTGAAGGTTTATGCTGAG,CTCAGCATAAACCTTCAGCATCTCCTGAGCCTTTGC,genome1_contig4,4542,72,1,50.0,50.0,36,36,2,1,2,2,5,3,0,1,1,1,1,2,4,2,1,4,4,1,1,0,3,0,4,4,2,4,3,5,0,0,0,3,100.0
319,genome1_contig4:4578-11454|0,TTCGCTGAGAAGTATATGGGTGTACCTGTATTGCAGG,CCTGCAATACAGGTACACCCATATACTTCTCAGCGAA,genome1_contig4,4578,74,1,45.945945945945944,45.945945945945944,37,37,1,2,3,3,3,2,1,4,4,4,2,1,5,1,1,2,2,1,4,1,2,1,2,2,1,5,2,3,1,1,1,2,100.0
320,genome1_contig4:4618-11496|0,TGAAGAGTGAGACTGAGCGTTTCGCCGGTGCCTTGAATA,TATTCAAGGCACCGGCGAAACGCTCAGTCTCACTCTTCA,genome1_contig4,4618,78,1,51.282051282051285,51.282051282051285,39,39,2,2,1,1,4,2,1,3,1,1,2,2,5,0,1,6,6,1,3,1,1,2,3,3,0,5,2,4,3,3,2,1,98.09291
321,genome1_contig4:4657-11532|0,CTTATACCATCGAGGCGATGATGCAGGATGGCAAGG,CCTTGCCATCCTGCATCATCGCCTCGATGGTATAAG,genome1_contig4,4657,72,1,52.77777777777778,52.77777777777778,36,36,1,1,5,5,3,1,1,0,2,2,1,1,3,3,1,4,4,1,0,1,4,1,3,3,3,3,1,3,2,2,1,4,100.0
322,genome1_contig4:4693-11568|0,CTCTCCAGAGCGGTACTTCTCACTTCCTGGGTCAGA,TCTGACCCAGGAAGTGAGAAGTACCGCTCTGGAGAG,genome1_contig4,4693,72,1,55.55555555555556,55.55555555555556,36,36,0,2,0,0,3,6,2,2,1,1,2,0,1,3,6,2,2,6,2,2,2,2,1,1,3,1,6,3,1,1,2,2,100.0
323,genome1_contig4:4729-11604|0,ACTTCGCCAAGAGCTTCGACGTTACCTATCTGAACA,TGTTCAGATAGGTAACGTCGAAGCTCTTGGCGAAGT,genome1_contig4,4729,72,1,47.22222222222222,47.22222222222222,36,36,2,3,1,1,2,4,4,1,2,2,3,2,1,2,3,3,3,3,1,4,0,2,2,2,2,1,4,2,3,3,2,0,99.17998
324,genome1_contig4:4765-11640|0,AGGAGAACAAGCCTGAGTATGTATGGGCTACTTCTT,AAGAAGTAGCCCATACATACTCAGGCTTGTTCTCCT,genome1_contig4,4765,72,1,44.44444444444444,44.44444444444444,36,36,2,2,2,2,4,4,2,2,3,3,2,2,3,1,1,3,3,1,2,2,2,1,2,2,1,3,4,4,0,0,1,2,100.0
325,genome1_contig4:4802-11677|0,GGGTGTTTCTACCCGACTGATGGGTGCCCTCATCAT,ATGATGAGGGCACCCATCAGTCGGGTAGAAACACCC,genome1_contig4,4802,72,1,55.55555555555556,55.55555555555556,36,36,0,1,3,3,0,3,2,3,1,1,1,0,4,2,3,2,2,3,3,2,2,2,1,1,2,4,3,0,1,1,2,2,99.83128
326,genome1_contig4:4838-11713|0,GGTTCACAGCGATGACAACGGTCTGGTATTGCCTCC,GGAGGCAATACCAGACCGTTGTCATCGCTGTGAACC,genome1_contig4,4838,72,1,55.55555555555556,55.55555555555556,36,36,1,2,2,2,1,2,3,3,1,1,2,1,3,3,3,2,2,3,3,3,3,2,2,2,3,3,2,1,2,2,2,3,99.99098
327,genome1_contig4:4874-11749|0,AAAGCTGGCTCCTATCCAGGTGGTTATCATTCCTAT,ATAGGAATGATAACCACCTGGATAGGAGCCAGCTTT,genome1_contig4,4874,72,1,44.44444444444444,44.44444444444444,36,36,1,2,4,4,2,4,0,2,3,3,2,1,2,2,4,0,0,4,2,0,3,3,2,2,2,2,4,2,0,0,3,3,100.0
328,genome1_contig4:4910-11785|0,CAACAAGGGCGAGGAGCAGTTGGCTCAGATTACTGC,GCAGTAATCTGAGCCAACTGCTCCTCGCCCTTGTTG,genome1_contig4,4910,72,1,55.55555555555556,55.55555555555556,36,36,2,2,1,1,5,2,2,1,1,1,2,2,2,4,1,3,3,1,1,2,3,0,4,4,4,2,2,5,1,1,0,3,100.0
329,genome1_contig4:4968-11843|0,CAGCTCCGCGAGTTGGGCATCAGCGTGAAGTATGAT,ATCATACTTCACGCTGATGCCCAACTCGCGGAGCTG,genome1_contig4,4968,72,1,55.55555555555556,55.55555555555556,36,36,1,1,3,3,4,1,0,3,1,1,1,1,3,3,2,3,3,2,3,0,1,1,4,4,3,3,1,4,3,3,1,1,100.0
330,genome1_contig4:5004-11879|0,GACAACACAGCTAAGCGTCCTGGCTTCAAGTTTGCT,AGCAAACTTGAAGCCAGGACGCTTAGCTGTGTTGTC,genome1_contig4,5004,72,1,50.0,50.0,36,36,3,2,0,0,3,4,3,2,1,1,2,3,2,4,2,1,1,2,2,3,1,1,4,4,4,2,4,3,1,1,1,1,100.0
331,genome1_contig4:5040-11915|0,GACTACGAGTTGAAGGGTGTACCTGTTCGTCTCGCA,TGCGAGACGAACAGGTACACCCTTCAACTCGTAGTC,genome1_contig4,5040,72,1,52.77777777777778,52.77777777777778,36,36,1,2,0,0,2,3,3,5,2,2,2,1,3,1,3,3,3,3,5,3,1,1,1,1,1,3,3,2,3,3,1,1,100.0
332,genome1_contig4:5076-11951|0,ATGGGTGGCCGTGACTTGGAGAACAACACCATCGAG,CTCGATGGTGTTGTTCTCCAAGTCACGGCCACCCAT,genome1_contig4,5076,72,1,55.55555555555556,55.55555555555556,36,36,2,1,2,2,2,1,4,2,0,0,1,2,4,3,1,4,4,1,2,4,3,2,1,1,3,4,1,2,2,2,2,3,99.23029
333,genome1_contig4:5112-11990|0,ATCATGCGTCGTGATACTTTGGAGAAGGAGAATGTAAGC,GCTTACATTCTCCTTCTCCAAAGTATCACGACGCATGAT,genome1_contig4,5112,78,1,43.58974358974359,43.58974358974359,39,39,3,1,4,4,4,1,1,3,2,2,1,3,4,1,2,5,5,2,3,1,2,0,2,2,1,4,1,4,2,2,0,2,100.0
334,genome1_contig4:5151-12026|0,TTCGACGGCATCGTAGAGCGCGTGAAGGATATGTTG,CAACATATCCTTCACGCGCTCTACGATGCCGTCGAA,genome1_contig4,5151,72,1,52.77777777777778,52.77777777777778,36,36,1,2,3,3,3,0,1,3,2,2,2,1,3,1,2,4,4,2,3,1,2,0,3,3,1,3,0,3,5,5,0,2,100.0
335,genome1_contig4:5187-12062|0,GAAGACATCCAGAAGAACATCTTCGAGAAGGCTCGT,ACGAGCCTTCTCGAAGATGTTCTTCTGGATGTCTTC,genome1_contig4,5187,72,1,47.22222222222222,47.22222222222222,36,36,4,1,2,2,5,2,2,1,0,0,1,4,0,3,4,6,6,4,1,2,1,1,1,1,3,0,2,5,2,2,1,1,95.82082
336,genome1_contig4:5223-12098|0,GCTTACCGTGATGCTCACGTATATGAGTGCGATAAC,GTTATCGCACTCATATACGTGAGCATCACGGTAAGC,genome1_contig4,5223,72,1,47.22222222222222,47.22222222222222,36,36,1,1,4,4,1,2,3,3,4,4,1,1,4,1,1,3,3,1,3,3,0,1,3,3,1,4,2,1,3,3,1,0,100.0
337,genome1_contig4:5259-12134|0,TACGAGGAGTTCAAGGAGCGTGTAAAGAATGGCGGT,ACCGCCATTCTTTACACGCTCCTTGAACTCCTCGTA,genome1_contig4,5259,72,1,50.0,50.0,36,36,3,1,1,1,5,0,1,4,2,2,1,3,2,1,1,4,4,1,4,1,4,0,2,2,1,2,0,5,3,3,0,4,100.0
338,genome1_contig4:5313-12188|0,GACGGTACAGCCGAGACCGAGGCAAAGATCAAGGAG,CTCCTTGATCTTTGCCTCGGTCTCGGCTGTACCGTC,genome1_contig4,5313,72,1,58.333333333333336,58.333333333333336,36,36,2,0,1,1,6,0,3,1,1,1,0,2,0,3,1,6,6,1,1,3,3,2,2,2,3,0,0,6,3,3,2,3,99.25589
339,genome1_contig4:5349-12224|0,GAGACTCAGGCTACCATCCGTTGCGTACCATTCGCT,AGCGAATGGTACGCAACGGATGGTAGCCTGAGTCTC,genome1_contig4,5349,72,1,55.55555555555556,55.55555555555556,36,36,0,2,2,2,2,3,3,2,2,2,2,0,1,3,3,2,2,3,2,3,1,3,3,3,3,1,3,2,3,3,3,1,100.0
340,genome1_contig4:5385-12260|0,TACGAGCAGACTCCAGGTGTTGATATGGTGAGCGGC,GCCGCTCACCATATCAACACCTGGAGTCTGCTCGTA,genome1_contig4,5385,72,1,55.55555555555556,55.55555555555556,36,36,0,1,2,2,4,1,2,3,2,2,1,0,4,2,1,4,4,1,3,2,3,1,3,3,2,4,1,4,2,2,1,3,98.58931
341,genome1_contig4:5421-12296|0,AAGCCTGCCGTAGCTCGCGTTATCATCGCAAGAAGT,ACTTCTTGCGATGATAACGCGAGCTACGGCAGGCTT,genome1_contig4,5421,72,1,52.77777777777778,52.77777777777778,36,36,3,1,2,2,4,2,0,3,2,2,1,3,1,2,3,1,1,3,3,0,0,2,5,5,2,1,2,4,4,4,2,0,97.970955
342,genome1_contig4:5472-12347|0,AAAACGGTGTCGGGAGATTCCCGGCACCATCAAATA,TATTTGATGGTGCCGGGAATCTCCCGACACCGTTTT,genome1_contig4,5472,72,1,50.0,50.0,36,36,3,1,3,3,1,0,2,2,1,1,1,3,1,3,3,2,2,3,2,2,3,2,1,1,3,1,0,1,3,3,2,3,100.0
343,genome1_contig4:5540-12415|0,TTTTCTGATGTCCATGGTCTTCTCAGGCTATGGAGA,TCTCCATAGCCTGAGAAGACCATGGACATCAGAAAA,genome1_contig4,5540,72,1,44.44444444444444,44.44444444444444,36,36,0,3,3,3,2,4,0,2,1,1,3,0,4,2,5,3,3,5,2,0,3,1,1,1,2,4,4,2,0,0,1,3,100.0
344,genome1_contig4:5594-12474|0,TTCTTTATCTCATCAGGATTCTTTAGCTGTTGAAGCTGCTG,CAGCAGCTTCAACAGCTAAAGAATCCTGATGAGATAAAGAA,genome1_contig4,5594,82,1,39.02439024390244,39.02439024390244,41,41,1,5,3,3,3,6,0,1,2,2,5,1,4,2,5,2,2,5,1,0,1,0,3,3,2,4,6,3,0,0,0,1,100.0
345,genome1_contig4:5635-12510|0,ATGCTACGCAACAGAAAGAGGGAGCATACGCAACAG,CTGTTGCGTATGCTCCCTCTTTCTGTTGCGTAGCAT,genome1_contig4,5635,72,1,50.0,50.0,36,36,3,0,2,2,5,1,4,0,2,2,0,3,1,5,0,3,3,0,0,4,1,0,4,4,5,1,1,5,2,2,0,1,100.0
346,genome1_contig4:5671-12546|0,AAGCCAGCCATACGAAGGATAGACTTGCCAAAGTTA,TAACTTTGGCAAGTCTATCCTTCGTATGGCTGGCTT,genome1_contig4,5671,72,1,44.44444444444444,44.44444444444444,36,36,3,2,2,2,5,1,2,1,3,3,2,3,1,3,0,3,3,0,1,2,1,3,3,3,3,1,1,5,1,1,3,1,100.0
347,genome1_contig4:5733-12608|0,CAGCTGGAAGATGCATCCAATGCCGCCTATCGGGTA,TACCCGATAGGCGGCATTGGATGCATCTTCCAGCTG,genome1_contig4,5733,72,1,55.55555555555556,55.55555555555556,36,36,2,0,4,4,2,2,0,1,2,2,0,2,3,3,2,2,2,2,1,0,2,3,4,4,3,3,2,2,2,2,3,2,98.25029
348,genome1_contig4:5770-12650|0,GCAGCAGTCGTCCACAGCGTTTATTGCCAAGTGGCAATATA,TATATTGCCACTTGGCAATAAACGCTGTGGACGACTGCTGC,genome1_contig4,5770,82,1,48.78048780487805,48.78048780487805,41,41,2,2,3,3,4,0,1,4,3,3,2,2,2,6,2,0,0,2,4,1,1,2,5,5,6,2,0,4,2,2,2,1,100.0
349,genome1_contig4:5811-12686|0,TATGGCAACCCATCTGCAAGCAGTAGATTGCTAACC,GGTTAGCAATCTACTGCTTGCAGATGGGTTGCCATA,genome1_contig4,5811,72,1,47.22222222222222,47.22222222222222,36,36,3,1,3,3,3,2,2,1,3,3,1,3,3,4,1,1,1,1,1,2,1,2,4,4,4,3,2,3,0,0,2,1,100.0
350,genome1_contig4:5861-12741|0,TTTATCATCCCTTTTATCAGTCATAGAAGGTGCGAAGGAGC,GCTCCTTCGCACCTTCTATGACTGATAAAAGGGATGATAAA,genome1_contig4,5861,82,1,41.46341463414634,41.46341463414634,41,41,2,3,4,4,5,1,0,2,3,3,3,2,1,3,4,3,3,4,2,0,2,1,2,2,3,1,1,5,1,1,1,2,100.0
351,genome1_contig4:5902-12777|0,CTTTCCGTCAGGAAACCGCCCCTATCCACTTTGATG,CATCAAAGTGGATAGGGGCGGTTTCCTGACGGAAAG,genome1_contig4,5902,72,1,52.77777777777778,52.77777777777778,36,36,1,2,2,2,1,3,2,1,1,1,2,1,2,2,3,2,2,3,1,2,1,5,1,1,2,2,3,1,2,2,5,1,100.0
352,genome1_contig4:5938-12813|0,TCGCCAGCAAGTATTATGTCATTTGCCTGCGGCATC,GATGCCGCAGGCAAATGACATAATACTTGCTGGCGA,genome1_contig4,5938,72,1,50.0,50.0,36,36,1,2,4,4,2,1,0,2,2,2,2,1,3,4,3,0,0,3,2,0,1,2,5,5,4,3,1,2,2,2,2,1,99.449036
353,genome1_contig4:6000-12880|0,ATTATAAGGTGTAAGCATTCCCAGTAGAGAAGGCTTACAGC,GCTGTAAGCCTTCTCTACTGGGAATGCTTACACCTTATAAT,genome1_contig4,6000,82,1,41.46341463414634,41.46341463414634,41,41,3,3,3,3,7,1,1,3,5,5,3,3,1,3,1,2,2,1,3,1,2,1,3,3,3,1,1,7,0,0,1,2,100.0
354,genome1_contig4:6041-12917|0,ATAGTTATGTCTGCAAGGCTCATTGAAGCATTGCAGA,TCTGCAATGCTTCAATGAGCCTTGCAGACATAACTAT,genome1_contig4,6041,74,1,40.54054054054054,40.54054054054054,37,37,2,3,4,4,4,2,0,2,2,2,3,2,4,4,2,2,2,2,2,0,1,0,4,4,4,4,2,4,0,0,0,1,100.0
355,genome1_contig4:6149-13029|0,GATTAATCATTTAGATATGGGTGCGGAAGTATTGGCACTCG,CGAGTGCCAATACTTCCGCACCCATATCTAAATGATTAATC,genome1_contig4,6149,82,1,41.46341463414634,41.46341463414634,41,41,2,3,6,6,2,1,1,2,4,4,3,2,3,2,2,3,3,2,2,1,3,0,2,2,2,3,1,2,2,2,0,3,100.0
356,genome1_contig4:6190-13065|0,ACGATGTACAGGTAAAGAAGGGTTTCATGGGTTTGA,TCAAACCCATGAAACCCTTCTTTACCTGTACATCGT,genome1_contig4,6190,72,1,41.666666666666664,41.666666666666664,36,36,2,2,2,2,3,0,2,4,2,2,2,2,3,2,1,3,3,1,4,2,3,0,0,0,2,3,0,3,1,1,0,3,94.46419
357,genome1_contig4:6226-13104|0,CCATCAAGTTGATCTACAAACCAACCAACAGTGCTATCA,TGATAGCACTGTTGGTTGGTTTGTAGATCAACTTGATGG,genome1_contig4,6226,78,1,41.02564102564103,41.02564102564103,39,39,4,1,3,3,2,2,4,2,2,2,1,4,2,7,3,1,1,3,2,4,0,3,1,1,7,2,2,2,0,0,3,0,98.5796
358,genome1_contig4:6265-13140|0,AGATCAAGGAGAAGGAATATTCAGCAGAGGATGGCA,TGCCATCCTCTGCTGAATATTCCTTCTCCTTGATCT,genome1_contig4,6265,72,1,44.44444444444444,44.44444444444444,36,36,3,1,4,4,7,0,0,0,1,1,1,3,1,4,2,6,6,2,0,0,4,0,2,2,4,1,0,7,0,0,0,4,99.47053
359,genome1_contig4:6301-13176|0,AGAAGCTCCTCAACATCCTTAACTCTGCCCCTAGCG,CGCTAGGGGCAGAGTTAAGGATGTTGAGGAGCTTCT,genome1_contig4,6301,72,1,52.77777777777778,52.77777777777778,36,36,3,1,1,1,3,6,2,0,2,2,1,3,1,2,4,1,1,4,0,2,0,4,3,3,2,1,6,3,1,1,4,0,98.69501
360,genome1_contig4:6337-13217|0,AGGTAGAATCTTCTATAAAGAAGTTCCCGGTATCAGCCATC,GATGGCTGATACCGGGAACTTCTTTATAGAAGATTCTACCT,genome1_contig4,6337,82,1,41.46341463414634,41.46341463414634,41,41,3,2,4,4,5,2,0,3,4,4,2,3,0,2,5,2,2,5,3,0,2,2,1,1,2,0,2,5,1,1,2,2,99.06991
361,genome1_contig4:6378-13253|0,AGCATGGGTAATATGAAGCTGCAGGCGTGCCTCTCT,AGAGAGGCACGCCTGCAGCTTCATATTACCCATGCT,genome1_contig4,6378,72,1,52.77777777777778,52.77777777777778,36,36,2,0,3,3,3,4,0,2,2,2,0,2,4,2,2,1,1,2,2,0,2,1,5,5,2,4,4,3,1,1,1,2,100.0
362,genome1_contig4:6416-13291|0,CGACCATCAGTTTGTAGCCACCCAGCTCCTTGCCTT,AAGGCAAGGAGCTGGGTGGCTACAAACTGATGGTCG,genome1_contig4,6416,72,1,55.55555555555556,55.55555555555556,36,36,0,3,1,1,3,3,2,2,1,1,3,0,2,4,2,1,1,2,2,2,0,5,3,3,4,2,3,3,1,1,5,0,100.0
363,genome1_contig4:6452-13327|0,CAAGGATTTCGGCTACCAGCCAGTTACAGAGATGGT,ACCATCTCTGTAACTGGCTGGTAGCCGAAATCCTTG,genome1_contig4,6452,72,1,50.0,50.0,36,36,1,2,2,2,5,1,2,2,2,2,2,1,1,4,1,3,3,1,2,2,3,2,2,2,4,1,1,5,1,1,2,3,100.0
364,genome1_contig4:6491-13366|0,CTATACAGGCAAGACAGCCGAGGCTTTCGCCCAACT,AGTTGGGCGAAAGCCTCGGCTGTCTTGCCTGTATAG,genome1_contig4,6491,72,1,55.55555555555556,55.55555555555556,36,36,2,1,1,1,4,3,3,0,2,2,1,2,0,4,1,2,2,1,0,3,2,2,4,4,4,0,3,4,2,2,2,2,100.0
365,genome1_contig4:6535-13414|0,ATCCAACTGGTATCATATAAATTAAAAGGGTGCGTCACGG,CCGTGACGCACCCTTTTAATTTATATGATACCAGTTGGAT,genome1_contig4,6535,80,1,40.0,40.0,40,40,4,1,5,5,1,1,2,3,4,4,1,4,2,3,3,0,0,3,3,2,3,1,1,1,3,2,1,1,2,2,1,3,100.0
366,genome1_contig4:6633-13513|0,ATGATTAGAATCCCCACTTTTCCTTAACCGTATTCGGATCA,TGATCCGAATACGGTTAAGGAAAAGTGGGGATTCTAATCAT,genome1_contig4,6633,82,1,39.02439024390244,39.02439024390244,41,41,2,5,5,5,1,2,2,1,3,3,5,2,1,2,4,3,3,4,1,2,1,4,0,0,2,1,2,1,2,2,4,1,96.58123
367,genome1_contig4:6679-13559|0,AGCATTTTCTATGCTTCTCTCAATATCATCCGGAAGATTGC,GCAATCTTCCGGATGATATTGAGAGAAGCATAGAAAATGCT,genome1_contig4,6679,82,1,39.02439024390244,39.02439024390244,41,41,2,4,6,6,2,4,0,0,2,2,4,2,2,3,6,2,2,6,0,0,1,1,3,3,3,2,4,2,1,1,1,1,100.0
368,genome1_contig4:6679-13559|0,AGCATTTTCTATGCTTCTCTCAATATCATCCGGAAGATTGC,GCAATCTTCCGGATGATATTGAGAGAAGCATNNNNNNNNNN,genome2_contig2,5580,62,1,39.02439024390244,31.70731707317073,41,41,2,2,6,5,2,3,0,0,2,1,4,2,2,2,6,2,2,5,0,0,1,1,3,2,3,2,4,1,1,1,1,1,52.88662
369,genome1_contig4:6720-13595|0,AGAAGAAATCGAGACCTGTGAGTTCCTCCAGTTTCT,AGAAACTGGAGGAACTCACAGGTCTCGATTTCTTCT,genome1_contig4,6720,72,1,44.44444444444444,44.44444444444444,36,36,2,2,1,1,5,3,1,3,0,0,2,2,2,1,4,5,5,4,3,1,0,3,0,0,1,2,3,5,1,1,3,0,98.895386
370,genome1_contig4:6756-13631|0,TGATATTGACCACATGGCCCTTCACCTTTTCAGATG,CATCTGAAAAGGTGAAGGGCCATGTGGTCAATATCA,genome1_contig4,6756,72,1,44.44444444444444,44.44444444444444,36,36,0,4,4,4,1,2,3,0,1,1,4,0,4,4,2,3,3,2,0,3,1,3,1,1,4,4,2,1,0,0,3,1,100.0
371,genome1_contig4:6792-13667|0,AACCGTAAGCGCTGTGGCGGAACCAGAAACCGATAG,CTATCGGTTTCTGGTTCCGCCACAGCGCTTACGGTT,genome1_contig4,6792,72,1,55.55555555555556,55.55555555555556,36,36,4,0,1,1,3,1,3,2,2,2,0,4,2,1,0,3,3,0,2,3,2,3,3,3,1,2,1,3,4,4,3,2,99.64428
